"articulo_wikipedia","link_completo","links"
"Pedro Vásquez Colmenares Guzmán","http://2010.colmex.mx/16tomos/XIII.pdf ","http://2010.colmex.mx/16tomos/XIII.pdf "
"Lola la trailera","http://2010.colmex.mx/16tomos/XVI.pdf ","http://2010.colmex.mx/16tomos/XVI.pdf "
"Gustavo Garza Villarreal","http://2010.colmex.mx/tomos2.html ","http://2010.colmex.mx/tomos2.html "
"Juan Andreu Almazán","http://biblio-codex.colmex.mx/exlibris/aleph/a21_1/apache_media/7GJMDT17KB6NEGMXHDDEIPUVEU34GU.pdf ","http://biblio-codex.colmex.mx/exlibris/aleph/a21_1/apache_media/7GJMDT17KB6NEGMXHDDEIPUVEU34GU.pdf "
"Garcineida","http://biblio-codex.colmex.mx/exlibris/aleph/a21_1/apache_media/92V85CBSTESLD3DTSA64SQKD446ILM.pdf ","http://biblio-codex.colmex.mx/exlibris/aleph/a21_1/apache_media/92V85CBSTESLD3DTSA64SQKD446ILM.pdf "
"Banco Nacional de México","http://biblio-codex.colmex.mx/exlibris/aleph/a21_1/apache_media/AALKGN8EL4I64LPPCXAIQS7C8J3RP6.pdf ","http://biblio-codex.colmex.mx/exlibris/aleph/a21_1/apache_media/AALKGN8EL4I64LPPCXAIQS7C8J3RP6.pdf "
"Primaleón","http://biblio-codex.colmex.mx/exlibris/aleph/a21_1/apache_media/D2NGUE8D3NX79514PQIS6598LNS4EI.pdf ","http://biblio-codex.colmex.mx/exlibris/aleph/a21_1/apache_media/D2NGUE8D3NX79514PQIS6598LNS4EI.pdf "
"Discusión:Garcineida","http://biblio-codex.colmex.mx/exlibris/aleph/a21_1/apache_media/92V85CBSTESLD3DTSA64SQKD446ILM.pdf ","http://biblio-codex.colmex.mx/exlibris/aleph/a21_1/apache_media/92V85CBSTESLD3DTSA64SQKD446ILM.pdf "
"Discusión:Juan Andreu Almazán","http://biblio-codex.colmex.mx/exlibris/aleph/a21_1/apache_media/7GJMDT17KB6NEGMXHDDEIPUVEU34GU.pdf ","http://biblio-codex.colmex.mx/exlibris/aleph/a21_1/apache_media/7GJMDT17KB6NEGMXHDDEIPUVEU34GU.pdf "
"Discusión:Martín Tritschler y Córdova","http://biblio-codex.colmex.mx/exlibris/aleph/a21_1/apache_media/J5CMMTXGH6F2YNEPB2J32FMJ2CLPIF.pdf ","http://biblio-codex.colmex.mx/exlibris/aleph/a21_1/apache_media/J5CMMTXGH6F2YNEPB2J32FMJ2CLPIF.pdf "
"Discusión:Primaleón","http://biblio-codex.colmex.mx/exlibris/aleph/a21_1/apache_media/D2NGUE8D3NX79514PQIS6598LNS4EI.pdf ","http://biblio-codex.colmex.mx/exlibris/aleph/a21_1/apache_media/D2NGUE8D3NX79514PQIS6598LNS4EI.pdf "
"Discusión:Banco Nacional de México","http://biblio-codex.colmex.mx/exlibris/aleph/a21_1/apache_media/AALKGN8EL4I64LPPCXAIQS7C8J3RP6.pdf ","http://biblio-codex.colmex.mx/exlibris/aleph/a21_1/apache_media/AALKGN8EL4I64LPPCXAIQS7C8J3RP6.pdf "
"Discusión:Patagonia","http://biblio-codex.colmex.mx/exlibris/aleph/a21_1/apache_media/D2NGUE8D3NX79514PQIS6598LNS4EI.pdf ","http://biblio-codex.colmex.mx/exlibris/aleph/a21_1/apache_media/D2NGUE8D3NX79514PQIS6598LNS4EI.pdf "
"Patagonia","http://biblio-codex.colmex.mx/exlibris/aleph/a21_1/apache_media/D2NGUE8D3NX79514PQIS6598LNS4EI.pdf ","http://biblio-codex.colmex.mx/exlibris/aleph/a21_1/apache_media/D2NGUE8D3NX79514PQIS6598LNS4EI.pdf "
"Central de Trabajadores de la Argentina","http://biblio-codex.colmex.mx/exlibris/aleph/a21_1/apache_media/YEPXPPCK1RXKDYCVE1VIMJP78PD9JS.pdf ","http://biblio-codex.colmex.mx/exlibris/aleph/a21_1/apache_media/YEPXPPCK1RXKDYCVE1VIMJP78PD9JS.pdf "
"El Colegio de México","http://biblio.colmex.mx/ ","http://biblio.colmex.mx/ "
"Biblioteca Daniel Cosío Villegas","http://biblio.colmex.mx/coordserv/s_interb.htm ","http://biblio.colmex.mx/coordserv/s_interb.htm "
"Usuario discusión:Billyrobshaw/Archivo 8","http://biblio.colmex.mx/diglibrary/normas_estilo/normgrales.html ","http://biblio.colmex.mx/diglibrary/normas_estilo/normgrales.html "
"Ario Garza Mercado","http://biblio.colmex.mx/tesisBDCV/GonzalezEsquivel.pdf ","http://biblio.colmex.mx/tesisBDCV/GonzalezEsquivel.pdf "
"Christopher Chase-Dunn","http://biblio.colmex.mx/web2000/socio-h.htm ","http://biblio.colmex.mx/web2000/socio-h.htm "
"Nahuatlismo","http://biblio2.colmex.mx/bibdig/aztequismos/base1.htm ","http://biblio2.colmex.mx/bibdig/aztequismos/base1.htm "
"Acuayte","http://biblio2.colmex.mx/bibdig/aztequismos/base1.htm ","http://biblio2.colmex.mx/bibdig/aztequismos/base1.htm "
"Culiacán","http://biblio2.colmex.mx/bibdig/aztequismos1/base1.htm ","http://biblio2.colmex.mx/bibdig/aztequismos1/base1.htm "
"Cristóbal Guadalajara","http://biblio2.colmex.mx/bibdig/dicc_cubas/base3.htm ","http://biblio2.colmex.mx/bibdig/dicc_cubas/base3.htm "
"Conferencias Panamericanas","http://biblio2.colmex.mx/coinam/coinam_1889_1936/base2.htm ","http://biblio2.colmex.mx/coinam/coinam_1889_1936/base2.htm "
"Unión Panamericana","http://biblio2.colmex.mx/coinam/coinam_1889_1936/base2.htm ","http://biblio2.colmex.mx/coinam/coinam_1889_1936/base2.htm "
"Conferencias Panamericanas","http://biblio2.colmex.mx/coinam/coinam_1_suplemento_1938_1942/base2.htm ","http://biblio2.colmex.mx/coinam/coinam_1_suplemento_1938_1942/base2.htm "
"Conferencia de Río de 1942","http://biblio2.colmex.mx/coinam/coinam_1_suplemento_1938_1942/base2.htm ","http://biblio2.colmex.mx/coinam/coinam_1_suplemento_1938_1942/base2.htm "
"Unión Panamericana","http://biblio2.colmex.mx/coinam/coinam_1_suplemento_1938_1942/base2.htm ","http://biblio2.colmex.mx/coinam/coinam_1_suplemento_1938_1942/base2.htm "
"Conferencias Panamericanas","http://biblio2.colmex.mx/coinam/coinam_2_suplemento_1945_1954/base2.htm ","http://biblio2.colmex.mx/coinam/coinam_2_suplemento_1945_1954/base2.htm "
"Unión Panamericana","http://biblio2.colmex.mx/coinam/coinam_2_suplemento_1945_1954/base2.htm ","http://biblio2.colmex.mx/coinam/coinam_2_suplemento_1945_1954/base2.htm "
"Conferencias Panamericanas","http://biblio2.colmex.mx/coinam/copa_1889_1938/base1.htm ","http://biblio2.colmex.mx/coinam/copa_1889_1938/base1.htm "
"Unión Panamericana","http://biblio2.colmex.mx/coinam/copa_1889_1938/base1.htm ","http://biblio2.colmex.mx/coinam/copa_1889_1938/base1.htm "
"Crónica mexicana","http://biblioteca.colmex.mx","http://biblioteca.colmex.mx/ "
"Códice Ramírez","http://biblioteca.colmex.mx","http://biblioteca.colmex.mx/ "
"Usuario:MLquiroa","http://biblioteca.colmex.mx","http://biblioteca.colmex.mx "
"El Colegio de México","http://biblioteca.colmex.mx","http://biblioteca.colmex.mx "
"Biblioteca Daniel Cosío Villegas","http://biblioteca.colmex.mx","http://biblioteca.colmex.mx/ "
"Wikipedia:Encuentros/Editatón Louis Pouzin, tercer inventor de internet","http://biblioteca.colmex.mx/%7C ","http://biblioteca.colmex.mx/%7C "
"Biblioteca Daniel Cosío Villegas","http://biblioteca.colmex.mx","http://biblioteca.colmex.mx// "
"Wikipedia:Café/Archivo/2010/Julio","http://biblioteca.colmex.mx/content/view/33706/445/ ","http://biblioteca.colmex.mx/content/view/33706/445/ "
"Wikipedia:Café/Portal/Archivo/Políticas/2010/07","http://biblioteca.colmex.mx/content/view/33706/445/ ","http://biblioteca.colmex.mx/content/view/33706/445/ "
"Biblioteca Daniel Cosío Villegas","http://biblioteca.colmex.mx/index.php/directorio?limitstart=0 ","http://biblioteca.colmex.mx/index.php/directorio?limitstart=0 "
"El Colegio de México","http://biblioteca.colmex.mx/index.php/informacion-general ","http://biblioteca.colmex.mx/index.php/informacion-general "
"Biblioteca Daniel Cosío Villegas","http://biblioteca.colmex.mx/index.php/informacion-general ","http://biblioteca.colmex.mx/index.php/informacion-general "
"Biblioteca Daniel Cosío Villegas","http://biblioteca.colmex.mx/index.php/nuestras-colecciones ","http://biblioteca.colmex.mx/index.php/nuestras-colecciones "
"Biblioteca Daniel Cosío Villegas","http://biblioteca.colmex.mx/index.php/servicios ","http://biblioteca.colmex.mx/index.php/servicios "
"Directory of Open Access Journals","http://biblioteca.colmex.mx/revistas/ ","http://biblioteca.colmex.mx/revistas/ "
"Ana María Barrenechea","http://biblioteca.colmex.mx/revistas/index.php?option=com_content&view=article&id=33&Itemid=80 ","http://biblioteca.colmex.mx/revistas/index.php?option=com_content&view=article&id=33&Itemid=80 "
"Nueva Revista de Filología Hispánica","http://biblioteca.colmex.mx/revistas/index.php?option=com_content&view=article&id=33&Itemid=80 ","http://biblioteca.colmex.mx/revistas/index.php?option=com_content&view=article&id=33&Itemid=80 "
"Usuario discusión:ROLODO9821","http://biblioteca.colmex.mx/revistas/xserver/find-doc.php?num_reg=2&doc_number=000092985&set_no=001819&set_entry=1&no_records=2&busqueda=%3Cstrong%3E%20Henderson%20Peter%20V.N.%3C/strong%3E%20por%20%3Cstrong%3Eautor%3C/strong%3E%20en%20%3Cstrong%3Etodas%20las%20revistas%3C/strong%3E&request=%20Henderson%20Peter%20V.N.&find_code=wau&filter_request_1=&filter_request_2=&filter_request_3= ","http://biblioteca.colmex.mx/revistas/xserver/find-doc.php?num_reg=2&doc_number=000092985&set_no=001819&set_entry=1&no_records=2&busqueda=%3Cstrong%3E%20Henderson%20Peter%20V.N.%3C/strong%3E%20por%20%3Cstrong%3Eautor%3C/strong%3E%20en%20%3Cstrong%3Etodas%20las%20revistas%3C/strong%3E&request=%20Henderson%20Peter%20V.N.&find_code=wau&filter_request_1=&filter_request_2=&filter_request_3= "
"Mario Bronfman","http://biblioteca.colmex.mx/revistas/xserver/find-doc.php?num_reg=4&doc_number=000579732&set_no=033933&set_entry=1&no_records=6&busqueda=%3Cstrong%3E%20Bronfman%20Mario%3C/strong%3E%20por%20%3Cstrong%3Eautor%3C/strong%3E%20en%20%3Cstrong%3Etodas%20las%20revistas%3C/strong%3E&request=%20Bronfman%20Mario&find_code=wau&filter_request_1=&filter_request_2=&filter_request_3= ","http://biblioteca.colmex.mx/revistas/xserver/find-doc.php?num_reg=4&doc_number=000579732&set_no=033933&set_entry=1&no_records=6&busqueda=%3Cstrong%3E%20Bronfman%20Mario%3C/strong%3E%20por%20%3Cstrong%3Eautor%3C/strong%3E%20en%20%3Cstrong%3Etodas%20las%20revistas%3C/strong%3E&request=%20Bronfman%20Mario&find_code=wau&filter_request_1=&filter_request_2=&filter_request_3= "
"Discusión:Mario Bronfman","http://biblioteca.colmex.mx/revistas/xserver/find-doc.php?num_reg=4&doc_number=000579732&set_no=033933&set_entry=1&no_records=6&busqueda=%3Cstrong%3E%20Bronfman%20Mario%3C/strong%3E%20por%20%3Cstrong%3Eautor%3C/strong%3E%20en%20%3Cstrong%3Etodas%20las%20revistas%3C/strong%3E&request=%20Bronfman%20Mario&find_code=wau&filter_request_1=&filter_request_2=&filter_request_3= ","http://biblioteca.colmex.mx/revistas/xserver/find-doc.php?num_reg=4&doc_number=000579732&set_no=033933&set_entry=1&no_records=6&busqueda=%3Cstrong%3E%20Bronfman%20Mario%3C/strong%3E%20por%20%3Cstrong%3Eautor%3C/strong%3E%20en%20%3Cstrong%3Etodas%20las%20revistas%3C/strong%3E&request=%20Bronfman%20Mario&find_code=wau&filter_request_1=&filter_request_2=&filter_request_3= "
"Brígida García Guzmán","http://biblioteca.colmex.mx/revistas/xserver/index.php?request=%20Garc%C3%ADa%20Guzm%C3%A1n%20Br%C3%ADgida&find_code=wau ","http://biblioteca.colmex.mx/revistas/xserver/index.php?request=%20Garc%C3%ADa%20Guzm%C3%A1n%20Br%C3%ADgida&find_code=wau "
"Discusión:Brígida García Guzmán","http://biblioteca.colmex.mx/revistas/xserver/index.php?request=%20Garc%C3%ADa%20Guzm%C3%A1n%20Br%C3%ADgida&find_code=wau ","http://biblioteca.colmex.mx/revistas/xserver/index.php?request=%20Garc%C3%ADa%20Guzm%C3%A1n%20Br%C3%ADgida&find_code=wau "
"Clara Lida","http://catedramex-esp.colmex.mx/ ","http://catedramex-esp.colmex.mx/ "
"Clara Lida","http://catedramex-esp.colmex.mx/index.php/7-clara-e-lida ","http://catedramex-esp.colmex.mx/index.php/7-clara-e-lida "
"Japonología","http://ceaa.colmex.mx/ ","http://ceaa.colmex.mx/ "
"Usuario discusión:Freresdeshommes-France","http://ceaa.colmex.mx/ ","http://ceaa.colmex.mx/ "
"Saurabh Dube","http://ceaa.colmex.mx/12-planta-docente-y-de-investigacion/35-ishita-banerjee-dube ","http://ceaa.colmex.mx/12-planta-docente-y-de-investigacion/35-ishita-banerjee-dube "
"Ghana","http://ceaa.colmex.mx/aladaa/XII%20CONGRESO%20INTERNACIONAL%20DE%20ALADAA/varelahilda.pdf ","http://ceaa.colmex.mx/aladaa/XII%20CONGRESO%20INTERNACIONAL%20DE%20ALADAA/varelahilda.pdf "
"Acapulco de Juárez","http://ceaa.colmex.mx/aladaa/imagesmemoria/andresdelcastillo.pdf ","http://ceaa.colmex.mx/aladaa/imagesmemoria/andresdelcastillo.pdf "
"Inmigración coreana en Argentina","http://ceaa.colmex.mx/aladaa/imagesmemoria/carolinamera.pdf ","http://ceaa.colmex.mx/aladaa/imagesmemoria/carolinamera.pdf "
"Ciudad-Estado","http://ceaa.colmex.mx/aladaa/imagesmemoria/mesopotamiawalburga.pdf ","http://ceaa.colmex.mx/aladaa/imagesmemoria/mesopotamiawalburga.pdf "
"Inmigración asiática en Argentina","http://ceaa.colmex.mx/aladaa/memoria_xiii_congreso_internacional/images/trincheri.pdf ","http://ceaa.colmex.mx/aladaa/memoria_xiii_congreso_internacional/images/trincheri.pdf "
"Usuario discusión:Freresdeshommes-France","http://ceaa.colmex.mx/aladaa/memoria_xiii_congreso_internacional/images/martinez_jimena.pdf ","http://ceaa.colmex.mx/aladaa/memoria_xiii_congreso_internacional/images/martinez_jimena.pdf "
"Usuario:2x2leax/Taller","http://ceaa.colmex.mx/aladaa/memoria_xiii_congreso_internacional/images/onaha_losjaponeses.pdf ","http://ceaa.colmex.mx/aladaa/memoria_xiii_congreso_internacional/images/onaha_losjaponeses.pdf "
"Café El Japonés","http://ceaa.colmex.mx/aladaa/memoria_xiii_congreso_internacional/images/uehara.pdf ","http://ceaa.colmex.mx/aladaa/memoria_xiii_congreso_internacional/images/uehara.pdf "
"Pequeño Seúl","http://ceaa.colmex.mx/estudioscoreanos/images/kim.pdf ","http://ceaa.colmex.mx/estudioscoreanos/images/kim.pdf "
"Chaebol","http://ceaa.colmex.mx/estudioscoreanos/images/lopez.pdf ","http://ceaa.colmex.mx/estudioscoreanos/images/lopez.pdf "
"Daewoo","http://ceaa.colmex.mx/estudioscoreanos/images/lopez.pdf ","http://ceaa.colmex.mx/estudioscoreanos/images/lopez.pdf "
"Inmigración coreana en Argentina","http://ceaa.colmex.mx/estudioscoreanos/images/mirta.pdf ","http://ceaa.colmex.mx/estudioscoreanos/images/mirta.pdf "
"Discusión:Inmigración coreana en Argentina","http://ceaa.colmex.mx/estudioscoreanos/images/mirta.pdf ","http://ceaa.colmex.mx/estudioscoreanos/images/mirta.pdf "
"Saurabh Dube","http://ceaa.colmex.mx/profesores/paginadube/dubeindex.htm ","http://ceaa.colmex.mx/profesores/paginadube/dubeindex.htm "
"Urbanismo en México","http://cedua.colmex.mx/ ","http://cedua.colmex.mx/ "
"Centro de Estudios Demográficos, Urbanos y Ambientales","http://cedua.colmex.mx/ ","http://cedua.colmex.mx/ "
"El Colegio de México","http://cedua.colmex.mx/component/content/article/46-lineamientos-para-publicaciones/96-revista ","http://cedua.colmex.mx/component/content/article/46-lineamientos-para-publicaciones/96-revista "
"Carlos Javier Echarri Cánovas","http://cedua.colmex.mx/component/zoo/item/carlos-javier-echarri-canovas.html ","http://cedua.colmex.mx/component/zoo/item/carlos-javier-echarri-canovas.html "
"Manuel Ordorica Mellado","http://cedua.colmex.mx/component/zoo/item/manuel-ordorica-mellado.html ","http://cedua.colmex.mx/component/zoo/item/manuel-ordorica-mellado.html "
"Araceli Damián González","http://cedua.colmex.mx/damian_araceli.html ","http://cedua.colmex.mx/damian_araceli.html "
"Silvia Giorguli Saucedo","http://cedua.colmex.mx/images/PlantaDocente/SilviaGiorguli/CV.pdf ","http://cedua.colmex.mx/images/PlantaDocente/SilviaGiorguli/CV.pdf "
"Brígida García Guzmán","http://cedua.colmex.mx/index.php?option=com_content&view=article&id=92&Itemid=73 ","http://cedua.colmex.mx/index.php?option=com_content&view=article&id=92&Itemid=73 "
"Manuel Ordorica Mellado","http://cedua.colmex.mx/inicio/historia-del-centro.html ","http://cedua.colmex.mx/inicio/historia-del-centro.html "
"Centro de Estudios Demográficos, Urbanos y Ambientales","http://cedua.colmex.mx/inicio/historia-del-centro.html ","http://cedua.colmex.mx/inicio/historia-del-centro.html "
"Usuario discusión:NZF/Archivo 5","http://cedua.colmex.mx/inicio/historia-del-centro.html ","http://cedua.colmex.mx/inicio/historia-del-centro.html "
"Usuario discusión:Aarón/2015","http://cedua.colmex.mx/inicio/historia-del-centro.html ","http://cedua.colmex.mx/inicio/historia-del-centro.html "
"Manuel Ángel Castillo","http://cedua.colmex.mx/publicaciones/estudios-demograficos-y-urbanos%7C ","http://cedua.colmex.mx/publicaciones/estudios-demograficos-y-urbanos%7C "
"Silvia Giorguli Saucedo","http://cedua.colmex.mx/silvia-giorguli-cv.html ","http://cedua.colmex.mx/silvia-giorguli-cv.html "
"Gustavo Garza Villarreal","http://cedua.colmex.mx/viejo/index.php/planta-docente-y-de-investigacion/98 ","http://cedua.colmex.mx/viejo/index.php/planta-docente-y-de-investigacion/98 "
"Manuel Ángel Castillo","http://cedua.colmex.mx/viejo/index.php/planta-docente-y-de-investigacion/90 ","http://cedua.colmex.mx/viejo/index.php/planta-docente-y-de-investigacion/90 "
"El Colegio de México","http://cee.colmex.mx/cee ","http://cee.colmex.mx/cee "
"Juan Vitores de Velasco","http://cee.colmex.mx/documentos/documentos-de-trabajo/2001/dt200110.pdf ","http://cee.colmex.mx/documentos/documentos-de-trabajo/2001/dt200110.pdf "
"Gustavo Díaz Ordaz","http://cee.colmex.mx/documentos/documentos-de-trabajo/2003/dt20033.pdf ","http://cee.colmex.mx/documentos/documentos-de-trabajo/2003/dt20033.pdf "
"Gerardo Esquivel (economista)","http://cee.colmex.mx/gerardo-esquivel ","http://cee.colmex.mx/gerardo-esquivel "
"Gerardo Esquivel (economista)","http://cee.colmex.mx/gerardo-esquivel/publicaciones ","http://cee.colmex.mx/gerardo-esquivel/publicaciones "
"Silvio Zavala","http://ceh.colmex.mx/ ","http://ceh.colmex.mx/ "
"Historia de Yucatán","http://ceh.colmex.mx/cmch/Tesis-Web/Pdfs/HISTORIA%20REGIONAL%20DE%20YUCATAN.pdf ","http://ceh.colmex.mx/cmch/Tesis-Web/Pdfs/HISTORIA%20REGIONAL%20DE%20YUCATAN.pdf "
"Discusión:Historia de Yucatán","http://ceh.colmex.mx/cmch/Tesis-Web/Pdfs/HISTORIA%20REGIONAL%20DE%20YUCATAN.pdf ","http://ceh.colmex.mx/cmch/Tesis-Web/Pdfs/HISTORIA%20REGIONAL%20DE%20YUCATAN.pdf "
"Bernardo García Martínez","http://ceh.colmex.mx/investigadores/bernardo_garcia_martinez.htm ","http://ceh.colmex.mx/investigadores/bernardo_garcia_martinez.htm "
"Usuario discusión:Sarumo74","http://ceh.colmex.mx/investigadores/bernardo_garcia_martinez.htm ","http://ceh.colmex.mx/investigadores/bernardo_garcia_martinez.htm "
"Moisés González Navarro","http://ceh.colmex.mx/investigadores/gonzalez.htm ","http://ceh.colmex.mx/investigadores/gonzalez.htm "
"Elías Trabulse","http://ceh.colmex.mx/investigadores/trabulse.htm ","http://ceh.colmex.mx/investigadores/trabulse.htm "
"Josefina Zoraida Vázquez","http://ceh.colmex.mx/investigadores/vazquez.htm ","http://ceh.colmex.mx/investigadores/vazquez.htm "
"Wikipedia:Café/Portal/Archivo/Políticas/2013/12","http://cell.colmex.mx/ ","http://cell.colmex.mx/ "
"Wikipedia:Café/Archivo/2013/Diciembre","http://cell.colmex.mx/ ","http://cell.colmex.mx/ "
"Liliana Weinberg Marchevsky","http://cell.colmex.mx/ ","http://cell.colmex.mx/ "
"Pedro Martín Butragueño","http://cell.colmex.mx/index.php/planta-academica/linguistica/pedromartinbutragueno","http://cell.colmex.mx/index.php/planta-academica/linguistica/pedromartinbutragueno/ "
"Pedro Martín Butragueño","http://cell.colmex.mx/index.php/planta-academica/linguistica/pedromartinbutragueno","http://cell.colmex.mx/index.php/planta-academica/linguistica/pedromartinbutragueno "
"Aurelio González Pérez","http://cell.colmex.mx/index.php/planta-academica/literatura-hispanica ","http://cell.colmex.mx/index.php/planta-academica/literatura-hispanica "
"Raúl Ávila","http://cell.colmex.mx/index.php/raul-avila ","http://cell.colmex.mx/index.php/raul-avila "
"Discusión:Alejandro Nadal","http://centros.colmex.mx/cee/index.php/planta/105-alejandro-nadal.html ","http://centros.colmex.mx/cee/index.php/planta/105-alejandro-nadal.html "
"Alejandro Nadal","http://centros.colmex.mx/cee/index.php/planta/105-alejandro-nadal.html ","http://centros.colmex.mx/cee/index.php/planta/105-alejandro-nadal.html "
"Roberto Blancarte","http://ces.colmex.mx/ ","http://ces.colmex.mx/ "
"Wikipedia:Artículos solicitados/Solicitudes/Biografías","http://ces.colmex.mx/120 ","http://ces.colmex.mx/120 "
"Wikipedia:Artículos solicitados/Solicitudes/Sociedad","http://ces.colmex.mx/120 ","http://ces.colmex.mx/120 "
"Wikipedia:Artículos solicitados","http://ces.colmex.mx/120 ","http://ces.colmex.mx/120 "
"Wikipedia:Artículos solicitados/Solicitudes/Respaldo","http://ces.colmex.mx/120 ","http://ces.colmex.mx/120 "
"Roberto Blancarte","http://ces.colmex.mx/121 ","http://ces.colmex.mx/121 "
"Gabriela Cano Ortega","http://ces.colmex.mx/125 ","http://ces.colmex.mx/125 "
"Usuaria:Rosymonterrey/Debate Feminista","http://ces.colmex.mx/2/academicos/E_Urrutia.html ","http://ces.colmex.mx/2/academicos/E_Urrutia.html "
"Elena Sánchez Valenzuela","http://ces.colmex.mx/pdfs/gabriela/Las%20mujeres%20en%20el%20M%C3%A9xico%20del%20siglo%20XX.%20Una%20cronolog%C3%ADa%20m%C3%ADninma.pdf ","http://ces.colmex.mx/pdfs/gabriela/Las%20mujeres%20en%20el%20M%C3%A9xico%20del%20siglo%20XX.%20Una%20cronolog%C3%ADa%20m%C3%ADninma.pdf "
"Usuaria:Marikazetari/Taller","http://ces.colmex.mx/pdfs/gabriela/g_cano_2.pdf ","http://ces.colmex.mx/pdfs/gabriela/g_cano_2.pdf "
"Amelio Robles Ávila","http://ces.colmex.mx/pdfs/gabriela/g_cano_2.pdf ","http://ces.colmex.mx/pdfs/gabriela/g_cano_2.pdf "
"Laureana Wright de Kleinhans","http://ces.colmex.mx/pdfs/gabriela/g_cano_8.pdf ","http://ces.colmex.mx/pdfs/gabriela/g_cano_8.pdf "
"María Asunción Sandoval","http://ces.colmex.mx/pdfs/gabriela/g_cano_8.pdf ","http://ces.colmex.mx/pdfs/gabriela/g_cano_8.pdf "
"Elena Arizmendi Mejía","http://ces.colmex.mx/pdfs/gabriela/g_cano_9.pdf ","http://ces.colmex.mx/pdfs/gabriela/g_cano_9.pdf "
"Sofía Villa de Buentello","http://ces.colmex.mx/pdfs/gabriela/g_cano_9.pdf ","http://ces.colmex.mx/pdfs/gabriela/g_cano_9.pdf "
"Liga Internacional de Mujeres Ibéricas e Hispanoamericanas","http://ces.colmex.mx/pdfs/gabriela/g_cano_9.pdf ","http://ces.colmex.mx/pdfs/gabriela/g_cano_9.pdf "
"El Colegio de México","http://ces.colmex.mx/pdfs/orlandina.pdf ","http://ces.colmex.mx/pdfs/orlandina.pdf "
"Rodolfo Stavenhagen","http://ces.colmex.mx/pdfs/stavensiete.pdf ","http://ces.colmex.mx/pdfs/stavensiete.pdf "
"Ciencias Históricas","http://cmch.colmex.mx/ ","http://cmch.colmex.mx/ "
"Discusión:Español ribereño","http://codex.colmex.mx:8991/F/?func=service&doc_library=ECM01&doc_number=000570173&line_number=0001&func_code=WEB-BRIEF&service_type=MEDIA ","http://codex.colmex.mx:8991/F/?func=service&doc_library=ECM01&doc_number=000570173&line_number=0001&func_code=WEB-BRIEF&service_type=MEDIA "
"Anexo:Embajadores de México en España","http://codex.colmex.mx:8991/F/?func=service&doc_library=ECM01&doc_number=000568454&line_number=0001&func_code=WEB-BRIEF&service_type=MEDIA ","http://codex.colmex.mx:8991/F/?func=service&doc_library=ECM01&doc_number=000568454&line_number=0001&func_code=WEB-BRIEF&service_type=MEDIA "
"Español ecuatorial","http://codex.colmex.mx:8991/F/?func=service&doc_library=ECM01&doc_number=000570173&line_number=0001&func_code=WEB-BRIEF&service_type=MEDIA ","http://codex.colmex.mx:8991/F/?func=service&doc_library=ECM01&doc_number=000570173&line_number=0001&func_code=WEB-BRIEF&service_type=MEDIA "
"¡Ay Jherusalem!","http://codex.colmex.mx:8991/F/?func=service&doc_library=ECM01&doc_number=000575725&line_number=0001&func_code=WEB-BRIEF&service_type=MEDIA ","http://codex.colmex.mx:8991/F/?func=service&doc_library=ECM01&doc_number=000575725&line_number=0001&func_code=WEB-BRIEF&service_type=MEDIA "
"¡Ay Jherusalem!","http://codex.colmex.mx:8991/F/?func=service&doc_library=ECM01&doc_number=000575723&line_number=0001&func_code=WEB-BRIEF&service_type=MEDIA ","http://codex.colmex.mx:8991/F/?func=service&doc_library=ECM01&doc_number=000575723&line_number=0001&func_code=WEB-BRIEF&service_type=MEDIA "
"Español de la Costa norte del Perú","http://codex.colmex.mx:8991/F/?func=service&doc_library=ECM01&doc_number=000570173&line_number=0001&func_code=WEB-BRIEF&service_type=MEDIA ","http://codex.colmex.mx:8991/F/?func=service&doc_library=ECM01&doc_number=000570173&line_number=0001&func_code=WEB-BRIEF&service_type=MEDIA "
"Discusión:Español ecuatorial","http://codex.colmex.mx:8991/F/?func=service&doc_library=ECM01&doc_number=000570173&line_number=0001&func_code=WEB-BRIEF&service_type=MEDIA ","http://codex.colmex.mx:8991/F/?func=service&doc_library=ECM01&doc_number=000570173&line_number=0001&func_code=WEB-BRIEF&service_type=MEDIA "
"Discusión:¡Ay Jherusalem!","http://codex.colmex.mx:8991/F/?func=service&doc_library=ECM01&doc_number=000575723&line_number=0001&func_code=WEB-BRIEF&service_type=MEDIA ","http://codex.colmex.mx:8991/F/?func=service&doc_library=ECM01&doc_number=000575723&line_number=0001&func_code=WEB-BRIEF&service_type=MEDIA "
"Discusión:¡Ay Jherusalem!","http://codex.colmex.mx:8991/F/?func=service&doc_library=ECM01&doc_number=000575725&line_number=0001&func_code=WEB-BRIEF&service_type=MEDIA ","http://codex.colmex.mx:8991/F/?func=service&doc_library=ECM01&doc_number=000575725&line_number=0001&func_code=WEB-BRIEF&service_type=MEDIA "
"Discusión:Español de la Costa norte del Perú","http://codex.colmex.mx:8991/F/?func=service&doc_library=ECM01&doc_number=000570173&line_number=0001&func_code=WEB-BRIEF&service_type=MEDIA ","http://codex.colmex.mx:8991/F/?func=service&doc_library=ECM01&doc_number=000570173&line_number=0001&func_code=WEB-BRIEF&service_type=MEDIA "
"Crónica mexicana","http://codex.colmex.mx:8991/F/Y3CGUV7M4FPG2AS2EJXCLM96MTT4ND4I1ATBIDE7GKL6IL857L-34993?func=find-b&request=Tezozomoc&find_code=WAU&adjacent=N&x=48&y=11&filter_code_1=WLN&filter_request_1=&filter_code_2=WYR&filter_request_2=&filter_code_4=WFT&filter_request_4=&filter_code_3=WYR&filter_request_3= ","http://codex.colmex.mx:8991/F/Y3CGUV7M4FPG2AS2EJXCLM96MTT4ND4I1ATBIDE7GKL6IL857L-34993?func=find-b&request=Tezozomoc&find_code=WAU&adjacent=N&x=48&y=11&filter_code_1=WLN&filter_request_1=&filter_code_2=WYR&filter_request_2=&filter_code_4=WFT&filter_request_4=&filter_code_3=WYR&filter_request_3= "
"Códice Ramírez","http://codex.colmex.mx:8991/F/Y3CGUV7M4FPG2AS2EJXCLM96MTT4ND4I1ATBIDE7GKL6IL857L-36487?func=find-b&request=C%C3%B3dice+Ram%C3%ADrez&find_code=WTI&adjacent=N&x=49&y=7&filter_code_1=WLN&filter_request_1=&filter_code_2=WYR&filter_request_2=&filter_code_4=WFT&filter_request_4=&filter_code_3=WYR&filter_request_3= ","http://codex.colmex.mx:8991/F/Y3CGUV7M4FPG2AS2EJXCLM96MTT4ND4I1ATBIDE7GKL6IL857L-36487?func=find-b&request=C%C3%B3dice+Ram%C3%ADrez&find_code=WTI&adjacent=N&x=49&y=7&filter_code_1=WLN&filter_request_1=&filter_code_2=WYR&filter_request_2=&filter_code_4=WFT&filter_request_4=&filter_code_3=WYR&filter_request_3= "
"Discusión:Códice Ramírez","http://codex.colmex.mx:8991/F/Y3CGUV7M4FPG2AS2EJXCLM96MTT4ND4I1ATBIDE7GKL6IL857L-36487?func=find-b&request=C%C3%B3dice+Ram%C3%ADrez&find_code=WTI&adjacent=N&x=49&y=7&filter_code_1=WLN&filter_request_1=&filter_code_2=WYR&filter_request_2=&filter_code_4=WFT&filter_request_4=&filter_code_3=WYR&filter_request_3= ","http://codex.colmex.mx:8991/F/Y3CGUV7M4FPG2AS2EJXCLM96MTT4ND4I1ATBIDE7GKL6IL857L-36487?func=find-b&request=C%C3%B3dice+Ram%C3%ADrez&find_code=WTI&adjacent=N&x=49&y=7&filter_code_1=WLN&filter_request_1=&filter_code_2=WYR&filter_request_2=&filter_code_4=WFT&filter_request_4=&filter_code_3=WYR&filter_request_3= "
"Discusión:Crónica mexicana","http://codex.colmex.mx:8991/F/Y3CGUV7M4FPG2AS2EJXCLM96MTT4ND4I1ATBIDE7GKL6IL857L-34993?func=find-b&request=Tezozomoc&find_code=WAU&adjacent=N&x=48&y=11&filter_code_1=WLN&filter_request_1=&filter_code_2=WYR&filter_request_2=&filter_code_4=WFT&filter_request_4=&filter_code_3=WYR&filter_request_3= ","http://codex.colmex.mx:8991/F/Y3CGUV7M4FPG2AS2EJXCLM96MTT4ND4I1ATBIDE7GKL6IL857L-34993?func=find-b&request=Tezozomoc&find_code=WAU&adjacent=N&x=48&y=11&filter_code_1=WLN&filter_request_1=&filter_code_2=WYR&filter_request_2=&filter_code_4=WFT&filter_request_4=&filter_code_3=WYR&filter_request_3= "
"Sotuta (cacicazgo)","http://codex.colmex.mx:8991/exlibris/aleph/a18_1/apache_media/GLH8K44MIDYMR8MR4VY3GP663KC456.pdf ","http://codex.colmex.mx:8991/exlibris/aleph/a18_1/apache_media/GLH8K44MIDYMR8MR4VY3GP663KC456.pdf "
"Hacienda de Santa Anna Aragón","http://codex.colmex.mx:8991/exlibris/aleph/a18_1/apache_media/AAGA6U1XM7VMXMY46YU7A26K9TQ3IP.pdf ","http://codex.colmex.mx:8991/exlibris/aleph/a18_1/apache_media/AAGA6U1XM7VMXMY46YU7A26K9TQ3IP.pdf "
"Hocabá-Homún","http://codex.colmex.mx:8991/exlibris/aleph/a18_1/apache_media/GLH8K44MIDYMR8MR4VY3GP663KC456.pdf ","http://codex.colmex.mx:8991/exlibris/aleph/a18_1/apache_media/GLH8K44MIDYMR8MR4VY3GP663KC456.pdf "
"Eleuterio Ávila","http://codex.colmex.mx:8991/exlibris/aleph/a18_1/apache_media/LAY114DSLGH8T7XCNG1286PGJ4NXBD.pdf ","http://codex.colmex.mx:8991/exlibris/aleph/a18_1/apache_media/LAY114DSLGH8T7XCNG1286PGJ4NXBD.pdf "
"José María Calderón","http://codex.colmex.mx:8991/exlibris/aleph/a18_1/apache_media/PVE36AQVH3TKYHHSHGX4U8TFH39IIC.pdf ","http://codex.colmex.mx:8991/exlibris/aleph/a18_1/apache_media/PVE36AQVH3TKYHHSHGX4U8TFH39IIC.pdf "
"Pueblo en Vilo","http://codex.colmex.mx:8991/exlibris/aleph/a18_1/apache_media/GRQJKDGI64B2MMIHHTDTKRIJ8I646M.pdf ","http://codex.colmex.mx:8991/exlibris/aleph/a18_1/apache_media/GRQJKDGI64B2MMIHHTDTKRIJ8I646M.pdf "
"Protasio Guerra","http://codex.colmex.mx:8991/exlibris/aleph/a18_1/apache_media/MR28EHDP6IBKUVFTGIPRXAL7S5YC16.pdf ","http://codex.colmex.mx:8991/exlibris/aleph/a18_1/apache_media/MR28EHDP6IBKUVFTGIPRXAL7S5YC16.pdf "
"Esperanza Brito de Martí","http://codex.colmex.mx:8991/exlibris/aleph/a18_1/apache_media/T2T74LYYSU4VENV5DMB1KQ9LKU1RJM.pdf ","http://codex.colmex.mx:8991/exlibris/aleph/a18_1/apache_media/T2T74LYYSU4VENV5DMB1KQ9LKU1RJM.pdf "
"Cochuah","http://codex.colmex.mx:8991/exlibris/aleph/a18_1/apache_media/GLH8K44MIDYMR8MR4VY3GP663KC456.pdf ","http://codex.colmex.mx:8991/exlibris/aleph/a18_1/apache_media/GLH8K44MIDYMR8MR4VY3GP663KC456.pdf "
"Uaymil","http://codex.colmex.mx:8991/exlibris/aleph/a18_1/apache_media/GLH8K44MIDYMR8MR4VY3GP663KC456.pdf ","http://codex.colmex.mx:8991/exlibris/aleph/a18_1/apache_media/GLH8K44MIDYMR8MR4VY3GP663KC456.pdf "
"Chakán","http://codex.colmex.mx:8991/exlibris/aleph/a18_1/apache_media/GLH8K44MIDYMR8MR4VY3GP663KC456.pdf ","http://codex.colmex.mx:8991/exlibris/aleph/a18_1/apache_media/GLH8K44MIDYMR8MR4VY3GP663KC456.pdf "
"Rusia como superpotencia emergente","http://codex.colmex.mx:8991/exlibris/aleph/a18_1/apache_media/8X44A3KEHXSRSRP82GENPA1HAV7HG6.pdf ","http://codex.colmex.mx:8991/exlibris/aleph/a18_1/apache_media/8X44A3KEHXSRSRP82GENPA1HAV7HG6.pdf "
"Diferendo territorial entre Belice y Guatemala","http://codex.colmex.mx:8991/exlibris/aleph/a18_1/apache_media/E7NQ5FL479MUU55ULBJSCH73GSL9TQ.pdf ","http://codex.colmex.mx:8991/exlibris/aleph/a18_1/apache_media/E7NQ5FL479MUU55ULBJSCH73GSL9TQ.pdf "
"Nao San Pedro","http://codex.colmex.mx:8991/exlibris/aleph/a18_1/apache_media/MJUMYJGKC69GUNRTGM3SN9X8HBD33Y.pdf ","http://codex.colmex.mx:8991/exlibris/aleph/a18_1/apache_media/MJUMYJGKC69GUNRTGM3SN9X8HBD33Y.pdf "
"Usuaria discusión:Franco68","http://codex.colmex.mx:8991/exlibris/aleph/a18_1/apache_media/HI9EM2THXMEH6BD98EB9X4HSJVX6XD.pdf ","http://codex.colmex.mx:8991/exlibris/aleph/a18_1/apache_media/HI9EM2THXMEH6BD98EB9X4HSJVX6XD.pdf "
"Ceh Pech","http://codex.colmex.mx:8991/exlibris/aleph/a18_1/apache_media/GLH8K44MIDYMR8MR4VY3GP663KC456.pdf ","http://codex.colmex.mx:8991/exlibris/aleph/a18_1/apache_media/GLH8K44MIDYMR8MR4VY3GP663KC456.pdf "
"Historia de Tlatelolco","http://codex.colmex.mx:8991/exlibris/aleph/a18_1/apache_media/AAGA6U1XM7VMXMY46YU7A26K9TQ3IP.pdf ","http://codex.colmex.mx:8991/exlibris/aleph/a18_1/apache_media/AAGA6U1XM7VMXMY46YU7A26K9TQ3IP.pdf "
"Can Pech","http://codex.colmex.mx:8991/exlibris/aleph/a18_1/apache_media/GLH8K44MIDYMR8MR4VY3GP663KC456.pdf ","http://codex.colmex.mx:8991/exlibris/aleph/a18_1/apache_media/GLH8K44MIDYMR8MR4VY3GP663KC456.pdf "
"María Douglas","http://codex.colmex.mx:8991/exlibris/aleph/a18_1/apache_media/QABDCV5R2Y8PTHFC9GXK1482DB4BSP.pdf ","http://codex.colmex.mx:8991/exlibris/aleph/a18_1/apache_media/QABDCV5R2Y8PTHFC9GXK1482DB4BSP.pdf "
"Chikinchel","http://codex.colmex.mx:8991/exlibris/aleph/a18_1/apache_media/GLH8K44MIDYMR8MR4VY3GP663KC456.pdf ","http://codex.colmex.mx:8991/exlibris/aleph/a18_1/apache_media/GLH8K44MIDYMR8MR4VY3GP663KC456.pdf "
"Luis Ramírez Aznar","http://codex.colmex.mx:8991/exlibris/aleph/a18_1/apache_media/XBB5FIUQLJ2S2F1FGRB8UHQDRYKE3G.pdf ","http://codex.colmex.mx:8991/exlibris/aleph/a18_1/apache_media/XBB5FIUQLJ2S2F1FGRB8UHQDRYKE3G.pdf "
"Río Sabine","http://codex.colmex.mx:8991/exlibris/aleph/a18_1/apache_media/Q3ELDQPNB7IDVQFD4H1AATQLRVJ8GS.pdf ","http://codex.colmex.mx:8991/exlibris/aleph/a18_1/apache_media/Q3ELDQPNB7IDVQFD4H1AATQLRVJ8GS.pdf "
"Frontera entre Estados Unidos y México","http://codex.colmex.mx:8991/exlibris/aleph/a18_1/apache_media/EXRBHCA3PC3LNKEL5875U3YA5P675N.pdf ","http://codex.colmex.mx:8991/exlibris/aleph/a18_1/apache_media/EXRBHCA3PC3LNKEL5875U3YA5P675N.pdf "
"Melesio Morales","http://codex.colmex.mx:8991/exlibris/aleph/a18_1/apache_media/IBEMC9B9VSPVMKAJ9Q4E4P3I79KQ8D.pdf ","http://codex.colmex.mx:8991/exlibris/aleph/a18_1/apache_media/IBEMC9B9VSPVMKAJ9Q4E4P3I79KQ8D.pdf "
"Antonio José Martínez (presbítero)","http://codex.colmex.mx:8991/exlibris/aleph/a18_1/apache_media/8XASQM2DILT4XJTBTQ9B5LNA6NNCQB.pdf ","http://codex.colmex.mx:8991/exlibris/aleph/a18_1/apache_media/8XASQM2DILT4XJTBTQ9B5LNA6NNCQB.pdf "
"Joaquín Gutiérrez de Estrada","http://codex.colmex.mx:8991/exlibris/aleph/a18_1/apache_media/JCKS9IHN2MTXXVUC66UEFCKE36888L.pdf ","http://codex.colmex.mx:8991/exlibris/aleph/a18_1/apache_media/JCKS9IHN2MTXXVUC66UEFCKE36888L.pdf "
"Retablo","http://codex.colmex.mx:8991/exlibris/aleph/a18_1/apache_media/T6SNSLQA86IEPN33KD6R5GSQK1LIB5.pdf ","http://codex.colmex.mx:8991/exlibris/aleph/a18_1/apache_media/T6SNSLQA86IEPN33KD6R5GSQK1LIB5.pdf "
"Chakán Putum","http://codex.colmex.mx:8991/exlibris/aleph/a18_1/apache_media/GLH8K44MIDYMR8MR4VY3GP663KC456.pdf ","http://codex.colmex.mx:8991/exlibris/aleph/a18_1/apache_media/GLH8K44MIDYMR8MR4VY3GP663KC456.pdf "
"Ekab","http://codex.colmex.mx:8991/exlibris/aleph/a18_1/apache_media/GLH8K44MIDYMR8MR4VY3GP663KC456.pdf ","http://codex.colmex.mx:8991/exlibris/aleph/a18_1/apache_media/GLH8K44MIDYMR8MR4VY3GP663KC456.pdf "
"Catedral de Puebla","http://codex.colmex.mx:8991/exlibris/aleph/a18_1/apache_media/LLVHYV5YF4L44PIB7XV4GRNACL2TXE.pdf ","http://codex.colmex.mx:8991/exlibris/aleph/a18_1/apache_media/LLVHYV5YF4L44PIB7XV4GRNACL2TXE.pdf "
"Cupules","http://codex.colmex.mx:8991/exlibris/aleph/a18_1/apache_media/GLH8K44MIDYMR8MR4VY3GP663KC456.pdf ","http://codex.colmex.mx:8991/exlibris/aleph/a18_1/apache_media/GLH8K44MIDYMR8MR4VY3GP663KC456.pdf "
"Español chileno","http://codex.colmex.mx:8991/exlibris/aleph/a18_1/apache_media/MX4DRQDAGDFB6YI8B1GDUHVH5JIPMC.pdf ","http://codex.colmex.mx:8991/exlibris/aleph/a18_1/apache_media/MX4DRQDAGDFB6YI8B1GDUHVH5JIPMC.pdf "
"Gran Canal del Desagüe (Ciudad de México)","http://codex.colmex.mx:8991/exlibris/aleph/a18_1/apache_media/5YJ1Q3MQXYHYYK6JLH5DK95LFXLIAF.pdf ","http://codex.colmex.mx:8991/exlibris/aleph/a18_1/apache_media/5YJ1Q3MQXYHYYK6JLH5DK95LFXLIAF.pdf "
"Historia de Afganistán","http://codex.colmex.mx:8991/exlibris/aleph/a18_1/apache_media/EM11X4M34VA5DV38GAHRGDIQVALNDI.pdf ","http://codex.colmex.mx:8991/exlibris/aleph/a18_1/apache_media/EM11X4M34VA5DV38GAHRGDIQVALNDI.pdf "
"Usuario discusión:Roblespepe/proyectos","http://codex.colmex.mx:8991/exlibris/aleph/a18_1/apache_media/CQY39DLRPJU6YLL3NM5P7E5BS5R6Q5.pdf ","http://codex.colmex.mx:8991/exlibris/aleph/a18_1/apache_media/CQY39DLRPJU6YLL3NM5P7E5BS5R6Q5.pdf "
"Guerrillas en América Latina","http://codex.colmex.mx:8991/exlibris/aleph/a18_1/apache_media/PLB2U9LGU8U2C6DUUVHNR39SF9K18B.pdf ","http://codex.colmex.mx:8991/exlibris/aleph/a18_1/apache_media/PLB2U9LGU8U2C6DUUVHNR39SF9K18B.pdf "
"Ah Kin Chel","http://codex.colmex.mx:8991/exlibris/aleph/a18_1/apache_media/GLH8K44MIDYMR8MR4VY3GP663KC456.pdf ","http://codex.colmex.mx:8991/exlibris/aleph/a18_1/apache_media/GLH8K44MIDYMR8MR4VY3GP663KC456.pdf "
"José Bravo Ugarte","http://codex.colmex.mx:8991/exlibris/aleph/a18_1/apache_media/MFHCXYN6UXTKGV2VD8D16J8F1XAVEK.pdf ","http://codex.colmex.mx:8991/exlibris/aleph/a18_1/apache_media/MFHCXYN6UXTKGV2VD8D16J8F1XAVEK.pdf "
"Victoriano Salado Álvarez","http://codex.colmex.mx:8991/exlibris/aleph/a18_1/apache_media/4HNXXUDA9YY7XYVBJ8P9KGBH6YHUM5.pdf ","http://codex.colmex.mx:8991/exlibris/aleph/a18_1/apache_media/4HNXXUDA9YY7XYVBJ8P9KGBH6YHUM5.pdf "
"Tutul Xiues","http://codex.colmex.mx:8991/exlibris/aleph/a18_1/apache_media/GLH8K44MIDYMR8MR4VY3GP663KC456.pdf ","http://codex.colmex.mx:8991/exlibris/aleph/a18_1/apache_media/GLH8K44MIDYMR8MR4VY3GP663KC456.pdf "
"Alonso García Bravo","http://codex.colmex.mx:8991/exlibris/aleph/a18_1/apache_media/TRV21YFCT434TN7HLNX6XTUBSEKRLU.pdf ","http://codex.colmex.mx:8991/exlibris/aleph/a18_1/apache_media/TRV21YFCT434TN7HLNX6XTUBSEKRLU.pdf "
"José Tiburcio López Constante","http://codex.colmex.mx:8991/exlibris/aleph/a18_1/apache_media/ECM6EX9VQF3S4PJAVUK6LYTJPKJSME.pdf ","http://codex.colmex.mx:8991/exlibris/aleph/a18_1/apache_media/ECM6EX9VQF3S4PJAVUK6LYTJPKJSME.pdf "
"Rafael Reyes Spíndola","http://codex.colmex.mx:8991/exlibris/aleph/a18_1/apache_media/C15DIYLNEHX97YIG5HE2RHXSP8LJTQ.pdf ","http://codex.colmex.mx:8991/exlibris/aleph/a18_1/apache_media/C15DIYLNEHX97YIG5HE2RHXSP8LJTQ.pdf "
"La Orquesta","http://codex.colmex.mx:8991/exlibris/aleph/a18_1/apache_media/XTJLGJPAE2DEB2V2B35FJYC956P6I9.pdf ","http://codex.colmex.mx:8991/exlibris/aleph/a18_1/apache_media/XTJLGJPAE2DEB2V2B35FJYC956P6I9.pdf "
"Poder duro","http://codex.colmex.mx:8991/exlibris/aleph/a18_1/apache_media/5S69YM3G4AJLAPJE3A7LGH9B3J72F9.pdf ","http://codex.colmex.mx:8991/exlibris/aleph/a18_1/apache_media/5S69YM3G4AJLAPJE3A7LGH9B3J72F9.pdf "
"Frontera entre Estados Unidos y México","http://codex.colmex.mx:8991/exlibris/aleph/a18_1/apache_media/SG6274V35GK51PIQ1M2EVLFCXH4YU8.pdf ","http://codex.colmex.mx:8991/exlibris/aleph/a18_1/apache_media/SG6274V35GK51PIQ1M2EVLFCXH4YU8.pdf "
"Salvador Alvarado Rubio","http://codex.colmex.mx:8991/exlibris/aleph/a18_1/apache_media/LAY114DSLGH8T7XCNG1286PGJ4NXBD.pdf ","http://codex.colmex.mx:8991/exlibris/aleph/a18_1/apache_media/LAY114DSLGH8T7XCNG1286PGJ4NXBD.pdf "
"Domingo Bureau","http://codex.colmex.mx:8991/exlibris/aleph/a18_1/apache_media/BKGEALYFMMYRBBKXJV5XG3Q7KYCVTL.pdf ","http://codex.colmex.mx:8991/exlibris/aleph/a18_1/apache_media/BKGEALYFMMYRBBKXJV5XG3Q7KYCVTL.pdf "
"Benito Aznar","http://codex.colmex.mx:8991/exlibris/aleph/a18_1/apache_media/JCKS9IHN2MTXXVUC66UEFCKE36888L.pdf ","http://codex.colmex.mx:8991/exlibris/aleph/a18_1/apache_media/JCKS9IHN2MTXXVUC66UEFCKE36888L.pdf "
"Ah Canul","http://codex.colmex.mx:8991/exlibris/aleph/a18_1/apache_media/GLH8K44MIDYMR8MR4VY3GP663KC456.pdf ","http://codex.colmex.mx:8991/exlibris/aleph/a18_1/apache_media/GLH8K44MIDYMR8MR4VY3GP663KC456.pdf "
"Minestrone","http://codex.colmex.mx:8991/exlibris/aleph/a18_1/apache_media/CFXXJHYB6CRA78X87S4VUJH6KMBAP3.pdf ","http://codex.colmex.mx:8991/exlibris/aleph/a18_1/apache_media/CFXXJHYB6CRA78X87S4VUJH6KMBAP3.pdf "
"Miguel Castellanos Sánchez","http://codex.colmex.mx:8991/exlibris/aleph/a18_1/apache_media/MR28EHDP6IBKUVFTGIPRXAL7S5YC16.pdf ","http://codex.colmex.mx:8991/exlibris/aleph/a18_1/apache_media/MR28EHDP6IBKUVFTGIPRXAL7S5YC16.pdf "
"La Baliza (Nueva España)","http://codex.colmex.mx:8991/exlibris/aleph/a18_1/apache_media/E7NQ5FL479MUU55ULBJSCH73GSL9TQ.pdf ","http://codex.colmex.mx:8991/exlibris/aleph/a18_1/apache_media/E7NQ5FL479MUU55ULBJSCH73GSL9TQ.pdf "
"Afronegrismo","http://codex.colmex.mx:8991/exlibris/aleph/a18_1/apache_media/567IEXKCC8Y77CEL92RLULVM67KLVU.pdf ","http://codex.colmex.mx:8991/exlibris/aleph/a18_1/apache_media/567IEXKCC8Y77CEL92RLULVM67KLVU.pdf "
"Reproducción social","http://codex.colmex.mx:8991/exlibris/aleph/a18_1/apache_media/R9JPK3PG7ANSSTY4MUIQ3G5K887HSM.pdf ","http://codex.colmex.mx:8991/exlibris/aleph/a18_1/apache_media/R9JPK3PG7ANSSTY4MUIQ3G5K887HSM.pdf "
"Evaristo Madero Elizondo","http://codex.colmex.mx:8991/exlibris/aleph/a18_1/apache_media/J98K87KJN8R8CVHFLM2PCA7P9GBCBR.pdf ","http://codex.colmex.mx:8991/exlibris/aleph/a18_1/apache_media/J98K87KJN8R8CVHFLM2PCA7P9GBCBR.pdf "
"Pedro Escudero de la Rocha","http://codex.colmex.mx:8991/exlibris/aleph/a18_1/apache_media/JCKS9IHN2MTXXVUC66UEFCKE36888L.pdf ","http://codex.colmex.mx:8991/exlibris/aleph/a18_1/apache_media/JCKS9IHN2MTXXVUC66UEFCKE36888L.pdf "
"Batalla de Guaymas","http://codex.colmex.mx:8991/exlibris/aleph/a18_1/apache_media/PR2QI558RJPTFGESGSJ78U5DXSIEP9.pdf ","http://codex.colmex.mx:8991/exlibris/aleph/a18_1/apache_media/PR2QI558RJPTFGESGSJ78U5DXSIEP9.pdf "
"Tases","http://codex.colmex.mx:8991/exlibris/aleph/a18_1/apache_media/GLH8K44MIDYMR8MR4VY3GP663KC456.pdf ","http://codex.colmex.mx:8991/exlibris/aleph/a18_1/apache_media/GLH8K44MIDYMR8MR4VY3GP663KC456.pdf "
"Discusión:Virreinato de Nueva España","http://codex.colmex.mx:8991/exlibris/aleph/a18_1/apache_media/5USKY5QV7L6QGPN45LFPDMK5YTYVLJ.pdf ","http://codex.colmex.mx:8991/exlibris/aleph/a18_1/apache_media/5USKY5QV7L6QGPN45LFPDMK5YTYVLJ.pdf "
"Kaviá","http://codex.colmex.mx:8991/exlibris/aleph/a18_1/apache_media/L15CJPSGT29H86BHVGFL1J9XILJR2G.pdf ","http://codex.colmex.mx:8991/exlibris/aleph/a18_1/apache_media/L15CJPSGT29H86BHVGFL1J9XILJR2G.pdf "
"Pedro Marcial Guerra","http://codex.colmex.mx:8991/exlibris/aleph/a18_1/apache_media/JCKS9IHN2MTXXVUC66UEFCKE36888L.pdf ","http://codex.colmex.mx:8991/exlibris/aleph/a18_1/apache_media/JCKS9IHN2MTXXVUC66UEFCKE36888L.pdf "
"Pedro de Souza","http://codex.colmex.mx:8991/exlibris/aleph/a18_1/apache_media/ECM6EX9VQF3S4PJAVUK6LYTJPKJSME.pdf ","http://codex.colmex.mx:8991/exlibris/aleph/a18_1/apache_media/ECM6EX9VQF3S4PJAVUK6LYTJPKJSME.pdf "
"Chactemal","http://codex.colmex.mx:8991/exlibris/aleph/a18_1/apache_media/GLH8K44MIDYMR8MR4VY3GP663KC456.pdf ","http://codex.colmex.mx:8991/exlibris/aleph/a18_1/apache_media/GLH8K44MIDYMR8MR4VY3GP663KC456.pdf "
"Brígida García Guzmán","http://codex.colmex.mx:8991/exlibris/aleph/a18_1/apache_media/5DHB3Q1FDK4IIQFEUIL91R9VRDCRFE.pdf ","http://codex.colmex.mx:8991/exlibris/aleph/a18_1/apache_media/5DHB3Q1FDK4IIQFEUIL91R9VRDCRFE.pdf "
"Tratados de Tzucacab","http://codex.colmex.mx:8991/exlibris/aleph/a18_1/apache_media/N3VTUK75PH1RA83UYNGMMETXXNQBFH.pdf ","http://codex.colmex.mx:8991/exlibris/aleph/a18_1/apache_media/N3VTUK75PH1RA83UYNGMMETXXNQBFH.pdf "
"Anexo:Embajadores de España en México","http://codex.colmex.mx:8991/exlibris/aleph/a18_1/apache_media/A1F1RQDUMUBA6XTJ1G8QKT126AKKUI.pdf ","http://codex.colmex.mx:8991/exlibris/aleph/a18_1/apache_media/A1F1RQDUMUBA6XTJ1G8QKT126AKKUI.pdf "
"Esteban de Antuñano","http://codex.colmex.mx:8991/exlibris/aleph/a18_1/apache_media/IPKEUH3U9GD845N1S89242CI2LE8RT.pdf ","http://codex.colmex.mx:8991/exlibris/aleph/a18_1/apache_media/IPKEUH3U9GD845N1S89242CI2LE8RT.pdf "
"Juan de Cañamares","http://codex.colmex.mx:8991/exlibris/aleph/a18_1/apache_media/A9FPMNBADL78IF99KDFIE9MT834HMX.pdf ","http://codex.colmex.mx:8991/exlibris/aleph/a18_1/apache_media/A9FPMNBADL78IF99KDFIE9MT834HMX.pdf "
"Eduard Harkort","http://codex.colmex.mx:8991/exlibris/aleph/a18_1/apache_media/PVE36AQVH3TKYHHSHGX4U8TFH39IIC.pdf ","http://codex.colmex.mx:8991/exlibris/aleph/a18_1/apache_media/PVE36AQVH3TKYHHSHGX4U8TFH39IIC.pdf "
"Seki Sano","http://codex.colmex.mx:8991/exlibris/aleph/a18_1/apache_media/QABDCV5R2Y8PTHFC9GXK1482DB4BSP.pdf ","http://codex.colmex.mx:8991/exlibris/aleph/a18_1/apache_media/QABDCV5R2Y8PTHFC9GXK1482DB4BSP.pdf "
"Controversia de delimitación marítima entre Chile y el Perú","http://codex.colmex.mx:8991/exlibris/aleph/a18_1/apache_media/6RSKQH9MFF7D2N4YCGV2GGXYI64DYJ.pdf ","http://codex.colmex.mx:8991/exlibris/aleph/a18_1/apache_media/6RSKQH9MFF7D2N4YCGV2GGXYI64DYJ.pdf "
"Sociolingüística","http://codex.colmex.mx:8991/exlibris/aleph/a18_1/apache_media/BHK64XSJFXH3QHQ48X1PBJY18NXLNF.pdf ","http://codex.colmex.mx:8991/exlibris/aleph/a18_1/apache_media/BHK64XSJFXH3QHQ48X1PBJY18NXLNF.pdf "
"Liceo Mexicano Japonés","http://codex.colmex.mx:8991/exlibris/aleph/a18_1/apache_media/88B5F859MKCP12S196BB9XSK8N1UHL.pdf ","http://codex.colmex.mx:8991/exlibris/aleph/a18_1/apache_media/88B5F859MKCP12S196BB9XSK8N1UHL.pdf "
"Liturgia hispánica","http://codex.colmex.mx:8991/exlibris/aleph/a18_1/apache_media/4Q8A3FUSQUAEP22U1H8L278KEKGA5G.pdf ","http://codex.colmex.mx:8991/exlibris/aleph/a18_1/apache_media/4Q8A3FUSQUAEP22U1H8L278KEKGA5G.pdf "
"Discusión:República del Río Grande","http://codex.colmex.mx:8991/exlibris/aleph/a18_1/apache_media/K3Q8BAQ39J727V2UYIFKXCL32HIUFL.pdf ","http://codex.colmex.mx:8991/exlibris/aleph/a18_1/apache_media/K3Q8BAQ39J727V2UYIFKXCL32HIUFL.pdf "
"Sor Juana Inés de la Cruz","http://codex.colmex.mx:8991/exlibris/aleph/a18_1/apache_media/MJX2JT68E6NLUVD9V4UKP221XD5F7F.pdf ","http://codex.colmex.mx:8991/exlibris/aleph/a18_1/apache_media/MJX2JT68E6NLUVD9V4UKP221XD5F7F.pdf "
"Antonio López de Santa Anna","http://codex.colmex.mx:8991/exlibris/aleph/a18_1/apache_media/3DU9XVQ6L2K8NPR4RKNTH1VP6BERAL.pdf ","http://codex.colmex.mx:8991/exlibris/aleph/a18_1/apache_media/3DU9XVQ6L2K8NPR4RKNTH1VP6BERAL.pdf "
"Usuario discusión:Jaontiveros/archivo 48","http://codex.colmex.mx:8991/exlibris/aleph/a18_1/apache_media/BBUKCVIGG1HCBIRDTTJPUJXHY8C63Q.pdf ","http://codex.colmex.mx:8991/exlibris/aleph/a18_1/apache_media/BBUKCVIGG1HCBIRDTTJPUJXHY8C63Q.pdf "
"Usuario discusión:Jaontiveros/archivo 48","http://codex.colmex.mx:8991/exlibris/aleph/a18_1/apache_media/TS2GKTLL6SLY1F2S2C9I7PN9VFJ3DQ.pdf ","http://codex.colmex.mx:8991/exlibris/aleph/a18_1/apache_media/TS2GKTLL6SLY1F2S2C9I7PN9VFJ3DQ.pdf "
"Inés García de López de Santa Anna","http://codex.colmex.mx:8991/exlibris/aleph/a18_1/apache_media/3DU9XVQ6L2K8NPR4RKNTH1VP6BERAL.pdf ","http://codex.colmex.mx:8991/exlibris/aleph/a18_1/apache_media/3DU9XVQ6L2K8NPR4RKNTH1VP6BERAL.pdf "
"Discusión:Intervención estadounidense en México","http://codex.colmex.mx:8991/exlibris/aleph/a18_1/apache_media/BBUKCVIGG1HCBIRDTTJPUJXHY8C63Q.pdf ","http://codex.colmex.mx:8991/exlibris/aleph/a18_1/apache_media/BBUKCVIGG1HCBIRDTTJPUJXHY8C63Q.pdf "
"Discusión:Intervención estadounidense en México","http://codex.colmex.mx:8991/exlibris/aleph/a18_1/apache_media/TS2GKTLL6SLY1F2S2C9I7PN9VFJ3DQ.pdf ","http://codex.colmex.mx:8991/exlibris/aleph/a18_1/apache_media/TS2GKTLL6SLY1F2S2C9I7PN9VFJ3DQ.pdf "
"Dolores Tosta de López de Santa Anna","http://codex.colmex.mx:8991/exlibris/aleph/a18_1/apache_media/3DU9XVQ6L2K8NPR4RKNTH1VP6BERAL.pdf ","http://codex.colmex.mx:8991/exlibris/aleph/a18_1/apache_media/3DU9XVQ6L2K8NPR4RKNTH1VP6BERAL.pdf "
"Burguesía","http://codex.colmex.mx:8991/exlibris/aleph/a18_1/apache_media/TNG4AU2X1UCLSDV1TJLIV8G78Q9EH4.pdf ","http://codex.colmex.mx:8991/exlibris/aleph/a18_1/apache_media/TNG4AU2X1UCLSDV1TJLIV8G78Q9EH4.pdf "
"José Antonio de Soto Saldaña","http://codex.colmex.mx:8991/exlibris/aleph/a18_1/apache_media/6P3AJ6GQHPVCE357P6GPJG1MPKCUCR.pdf ","http://codex.colmex.mx:8991/exlibris/aleph/a18_1/apache_media/6P3AJ6GQHPVCE357P6GPJG1MPKCUCR.pdf "
"Manuel Piña y Cuevas","http://codex.colmex.mx:8991/exlibris/aleph/a18_1/apache_media/E7IA93V5SL3HICHXDJ5FVPRQFD9X65.pdf ","http://codex.colmex.mx:8991/exlibris/aleph/a18_1/apache_media/E7IA93V5SL3HICHXDJ5FVPRQFD9X65.pdf "
"Chipre","http://codex.colmex.mx:8991/exlibris/aleph/a18_1/apache_media/VGNSFR7942MTUHGDYITN54KB192LV5.pdf ","http://codex.colmex.mx:8991/exlibris/aleph/a18_1/apache_media/VGNSFR7942MTUHGDYITN54KB192LV5.pdf "
"Los Mochis","http://codex.colmex.mx:8991/exlibris/aleph/a18_1/apache_media/2HU4LIR1B45F3GFKPKMLYMSX3QVDCC.pdf ","http://codex.colmex.mx:8991/exlibris/aleph/a18_1/apache_media/2HU4LIR1B45F3GFKPKMLYMSX3QVDCC.pdf "
"Liceo Mexicano Japonés","http://codex.colmex.mx:8991/exlibris/aleph/a18_1/apache_media/9HEQ2MG2U9BUADHML86UK3QTTEG5H2.pdf ","http://codex.colmex.mx:8991/exlibris/aleph/a18_1/apache_media/9HEQ2MG2U9BUADHML86UK3QTTEG5H2.pdf "
"Fiscalía Especial para Movimientos Sociales y Políticos del Pasado","http://codex.colmex.mx:8991/exlibris/aleph/a18_1/apache_media/9457JSXASU8QLK4EM6BHA72UNRHF5D.pdf ","http://codex.colmex.mx:8991/exlibris/aleph/a18_1/apache_media/9457JSXASU8QLK4EM6BHA72UNRHF5D.pdf "
"Evaristo (nombre)","http://codex.colmex.mx:8991/exlibris/aleph/a18_1/apache_media/RNU58F32X1XF3K7UC385L4N9JCSE9F.pdf ","http://codex.colmex.mx:8991/exlibris/aleph/a18_1/apache_media/RNU58F32X1XF3K7UC385L4N9JCSE9F.pdf "
"Intervención militar rusa en la Guerra Civil Siria","http://codex.colmex.mx:8991/exlibris/aleph/a18_1/apache_media/4A3MFF5RFXF9HRCCTQA5JVKNDQDRDK.pdf ","http://codex.colmex.mx:8991/exlibris/aleph/a18_1/apache_media/4A3MFF5RFXF9HRCCTQA5JVKNDQDRDK.pdf "
"Libro del Judío","http://codex.colmex.mx:8991/exlibris/aleph/a18_1/apache_media/AMMIV3827Y8LV2KTGF4NIA8JNVFRHV.pdf ","http://codex.colmex.mx:8991/exlibris/aleph/a18_1/apache_media/AMMIV3827Y8LV2KTGF4NIA8JNVFRHV.pdf "
"Armada de Barlovento","http://codex.colmex.mx:8991/exlibris/aleph/a18_1/apache_media/8LIIHDMXF1X7U8KPAH3NFQ63LSRHED.pdf ","http://codex.colmex.mx:8991/exlibris/aleph/a18_1/apache_media/8LIIHDMXF1X7U8KPAH3NFQ63LSRHED.pdf "
"Joseph Yves Limantour","http://codex.colmex.mx:8991/exlibris/aleph/a18_1/apache_media/82YQT5NST7TDXIDAG6SL3K7TB971RU.pdf ","http://codex.colmex.mx:8991/exlibris/aleph/a18_1/apache_media/82YQT5NST7TDXIDAG6SL3K7TB971RU.pdf "
"Joseph Yves Limantour","http://codex.colmex.mx:8991/exlibris/aleph/a18_1/apache_media/V7YR7FFIUU1MI6K1R4LKCTJBKS55KA.pdf ","http://codex.colmex.mx:8991/exlibris/aleph/a18_1/apache_media/V7YR7FFIUU1MI6K1R4LKCTJBKS55KA.pdf "
"Compañía lancasteriana en México","http://codex.colmex.mx:8991/exlibris/aleph/a18_1/apache_media/4DCY341NUL89URFFJ4C3QF2IPNJ9SK.pdf ","http://codex.colmex.mx:8991/exlibris/aleph/a18_1/apache_media/4DCY341NUL89URFFJ4C3QF2IPNJ9SK.pdf "
"José María Lobato","http://codex.colmex.mx:8991/exlibris/aleph/a18_1/apache_media/4FSA78L1VE8HQJTRQQ32LXQTETJAXE.pdf ","http://codex.colmex.mx:8991/exlibris/aleph/a18_1/apache_media/4FSA78L1VE8HQJTRQQ32LXQTETJAXE.pdf "
"Motín de la Acordada","http://codex.colmex.mx:8991/exlibris/aleph/a18_1/apache_media/4FSA78L1VE8HQJTRQQ32LXQTETJAXE.pdf ","http://codex.colmex.mx:8991/exlibris/aleph/a18_1/apache_media/4FSA78L1VE8HQJTRQQ32LXQTETJAXE.pdf "
"Anexo:México en 1867","http://codex.colmex.mx:8991/exlibris/aleph/a18_1/apache_media/2T6AQD1X82B6CDCVJ6Y3ACKDIVHSK2.pdf ","http://codex.colmex.mx:8991/exlibris/aleph/a18_1/apache_media/2T6AQD1X82B6CDCVJ6Y3ACKDIVHSK2.pdf "
"Epidemia de cocoliztli de 1576","http://codex.colmex.mx:8991/exlibris/aleph/a18_1/apache_media/1KCYE7LFPL4831RJX6XRVHBLITUNP9.pdf ","http://codex.colmex.mx:8991/exlibris/aleph/a18_1/apache_media/1KCYE7LFPL4831RJX6XRVHBLITUNP9.pdf "
"Epidemia de cocoliztli de 1576","http://codex.colmex.mx:8991/exlibris/aleph/a18_1/apache_media/1KCYE7LFPL4831RJX6XRVHBLITUNP9.pdf ","http://codex.colmex.mx:8991/exlibris/aleph/a18_1/apache_media/1KCYE7LFPL4831RJX6XRVHBLITUNP9.pdf "
"Amurar (lunfardo)","http://codex.colmex.mx:8991/exlibris/aleph/a18_1/apache_media/CFXXJHYB6CRA78X87S4VUJH6KMBAP3.pdf ","http://codex.colmex.mx:8991/exlibris/aleph/a18_1/apache_media/CFXXJHYB6CRA78X87S4VUJH6KMBAP3.pdf "
"Virreinato de Nueva España","http://codex.colmex.mx:8991/exlibris/aleph/a18_1/apache_media/D1IEKFCP9A9IYKVFHAV6IBLRPLHBSG.pdf ","http://codex.colmex.mx:8991/exlibris/aleph/a18_1/apache_media/D1IEKFCP9A9IYKVFHAV6IBLRPLHBSG.pdf "
"Hacienda colonial","http://codex.colmex.mx:8991/exlibris/aleph/a18_1/apache_media/1KCYE7LFPL4831RJX6XRVHBLITUNP9.pdf ","http://codex.colmex.mx:8991/exlibris/aleph/a18_1/apache_media/1KCYE7LFPL4831RJX6XRVHBLITUNP9.pdf "
"Usuario:Yoques/Taller","http://codex.colmex.mx:8991/exlibris/aleph/a18_1/apache_media/986D83JAJR4RRJEJTNTMFTJAABTX53.pdf ","http://codex.colmex.mx:8991/exlibris/aleph/a18_1/apache_media/986D83JAJR4RRJEJTNTMFTJAABTX53.pdf "
"Anexo:México en 1867","http://codex.colmex.mx:8991/exlibris/aleph/a18_1/apache_media/F9XU4ATXRPGDEAUJJGHBLK9V7J8P8X.pdf ","http://codex.colmex.mx:8991/exlibris/aleph/a18_1/apache_media/F9XU4ATXRPGDEAUJJGHBLK9V7J8P8X.pdf "
"Idioma español en Filipinas","http://codex.colmex.mx:8991/exlibris/aleph/a18_1/apache_media/PYG814LX4HFH3YAMN6D8BBI9YBV1VN.pdf ","http://codex.colmex.mx:8991/exlibris/aleph/a18_1/apache_media/PYG814LX4HFH3YAMN6D8BBI9YBV1VN.pdf "
"República del Río Grande","http://codex.colmex.mx:8991/exlibris/aleph/a18_1/apache_media/K3Q8BAQ39J727V2UYIFKXCL32HIUFL.pdf ","http://codex.colmex.mx:8991/exlibris/aleph/a18_1/apache_media/K3Q8BAQ39J727V2UYIFKXCL32HIUFL.pdf "
"Historia de la Iglesia católica en México","http://codex.colmex.mx:8991/exlibris/aleph/a18_1/apache_media/Q6CGAPPJ77VXR1Y18VX4YGFDTYPIVN.pdf ","http://codex.colmex.mx:8991/exlibris/aleph/a18_1/apache_media/Q6CGAPPJ77VXR1Y18VX4YGFDTYPIVN.pdf "
"Historia de la Iglesia católica en México","http://codex.colmex.mx:8991/exlibris/aleph/a18_1/apache_media/IECVJ35T2HXLS89G1MG6S2AKJQUU82.pdf ","http://codex.colmex.mx:8991/exlibris/aleph/a18_1/apache_media/IECVJ35T2HXLS89G1MG6S2AKJQUU82.pdf "
"Discusión:Okuribito/Archivo 1","http://codex.colmex.mx:8991/exlibris/aleph/a18_1/apache_media/FJ6TSRF83HBMIXP865BACC8JSDXPA9.pdf ","http://codex.colmex.mx:8991/exlibris/aleph/a18_1/apache_media/FJ6TSRF83HBMIXP865BACC8JSDXPA9.pdf "
"Poncho","http://codex.colmex.mx:8991/exlibris/aleph/a18_1/apache_media/MX4DRQDAGDFB6YI8B1GDUHVH5JIPMC.pdf ","http://codex.colmex.mx:8991/exlibris/aleph/a18_1/apache_media/MX4DRQDAGDFB6YI8B1GDUHVH5JIPMC.pdf "
"Anexión de la Capitanía General de Guatemala al Primer Imperio Mexicano","http://codex.colmex.mx:8991/exlibris/aleph/a18_1/apache_media/5YV1KX7EGA1G2V2ATXTQL8TKV5RS8S.pdf ","http://codex.colmex.mx:8991/exlibris/aleph/a18_1/apache_media/5YV1KX7EGA1G2V2ATXTQL8TKV5RS8S.pdf "
"Anexo:Periodistas asesinados en México","http://codex.colmex.mx:8991/exlibris/aleph/a18_1/apache_media/XTJLGJPAE2DEB2V2B35FJYC956P6I9.pdf ","http://codex.colmex.mx:8991/exlibris/aleph/a18_1/apache_media/XTJLGJPAE2DEB2V2B35FJYC956P6I9.pdf "
"Consulta popular de Guatemala de 2018","http://codex.colmex.mx:8991/exlibris/aleph/a18_1/apache_media/E7NQ5FL479MUU55ULBJSCH73GSL9TQ.pdf ","http://codex.colmex.mx:8991/exlibris/aleph/a18_1/apache_media/E7NQ5FL479MUU55ULBJSCH73GSL9TQ.pdf "
"Anastasio Bustamante","http://codex.colmex.mx:8991/exlibris/aleph/a18_1/apache_media/YS7N63ERE34DMQRR473SQPNNM4IBGG.pdf ","http://codex.colmex.mx:8991/exlibris/aleph/a18_1/apache_media/YS7N63ERE34DMQRR473SQPNNM4IBGG.pdf "
"Luis Ponce","http://codex.colmex.mx:8991/exlibris/aleph/a18_1/apache_media/XTJLGJPAE2DEB2V2B35FJYC956P6I9.pdf ","http://codex.colmex.mx:8991/exlibris/aleph/a18_1/apache_media/XTJLGJPAE2DEB2V2B35FJYC956P6I9.pdf "
"Casa Gómez de Cervantes","http://codex.colmex.mx:8991/exlibris/aleph/a18_1/apache_media/8TXEALKFHL6CSBKV64X5TYYL41P3QR.pdf ","http://codex.colmex.mx:8991/exlibris/aleph/a18_1/apache_media/8TXEALKFHL6CSBKV64X5TYYL41P3QR.pdf "
"Casa Gómez de Cervantes","http://codex.colmex.mx:8991/exlibris/aleph/a18_1/apache_media/T7X1IXJ1UDU2XJLXPYYSY6F5L9S54C.pdf ","http://codex.colmex.mx:8991/exlibris/aleph/a18_1/apache_media/T7X1IXJ1UDU2XJLXPYYSY6F5L9S54C.pdf "
"Historia de los judíos en México","http://codex.colmex.mx:8991/exlibris/aleph/a18_1/apache_media/3N9C83XTL1FD831KVLCVF19XL73XTT.pdf ","http://codex.colmex.mx:8991/exlibris/aleph/a18_1/apache_media/3N9C83XTL1FD831KVLCVF19XL73XTT.pdf "
"Usuario:Caedpema/Taller","http://codex.colmex.mx:8991/exlibris/aleph/a18_1/apache_media/IR8TRM8FXG8VS2VNH9S6FPEDIDKLXE.pdf ","http://codex.colmex.mx:8991/exlibris/aleph/a18_1/apache_media/IR8TRM8FXG8VS2VNH9S6FPEDIDKLXE.pdf "
"Batallones rojos","http://codex.colmex.mx:8991/exlibris/aleph/a18_1/apache_media/BC12YUVY2EL443M7AF82MQKX22AN92.pdf ","http://codex.colmex.mx:8991/exlibris/aleph/a18_1/apache_media/BC12YUVY2EL443M7AF82MQKX22AN92.pdf "
"Programa de Modernización de la Administración Pública","http://codex.colmex.mx:8991/exlibris/aleph/a18_1/apache_media/IR8TRM8FXG8VS2VNH9S6FPEDIDKLXE.pdf ","http://codex.colmex.mx:8991/exlibris/aleph/a18_1/apache_media/IR8TRM8FXG8VS2VNH9S6FPEDIDKLXE.pdf "
"Ligas de Resistencia","http://codex.colmex.mx:8991/exlibris/aleph/a18_1/apache_media/6MV9HXHFVC6R4TXIFJ69839JSJMB18.pdf ","http://codex.colmex.mx:8991/exlibris/aleph/a18_1/apache_media/6MV9HXHFVC6R4TXIFJ69839JSJMB18.pdf "
"Partido Socialista del Sureste","http://codex.colmex.mx:8991/exlibris/aleph/a18_1/apache_media/6MV9HXHFVC6R4TXIFJ69839JSJMB18.pdf ","http://codex.colmex.mx:8991/exlibris/aleph/a18_1/apache_media/6MV9HXHFVC6R4TXIFJ69839JSJMB18.pdf "
"Discusión:La Orquesta","http://codex.colmex.mx:8991/exlibris/aleph/a18_1/apache_media/XTJLGJPAE2DEB2V2B35FJYC956P6I9.pdf ","http://codex.colmex.mx:8991/exlibris/aleph/a18_1/apache_media/XTJLGJPAE2DEB2V2B35FJYC956P6I9.pdf "
"Discusión:Luis Ponce","http://codex.colmex.mx:8991/exlibris/aleph/a18_1/apache_media/XTJLGJPAE2DEB2V2B35FJYC956P6I9.pdf ","http://codex.colmex.mx:8991/exlibris/aleph/a18_1/apache_media/XTJLGJPAE2DEB2V2B35FJYC956P6I9.pdf "
"Relaciones entre España y México","http://codex.colmex.mx:8991/exlibris/aleph/a18_1/apache_media/3R86RGBCBT4RCPHISKGJY25TM91584.pdf ","http://codex.colmex.mx:8991/exlibris/aleph/a18_1/apache_media/3R86RGBCBT4RCPHISKGJY25TM91584.pdf "
"Historia de las ideas","http://www.codex.colmex.mx:8991/.../KTG877XUERXSJE7PGT346M9X3LLS1L.p","http://www.codex.colmex.mx:8991/.../KTG877XUERXSJE7PGT346M9X3LLS1L.p... "
"Discusión:Historia de las ideas","http://www.codex.colmex.mx:8991/.../KTG877XUERXSJE7PGT346M9X3LLS1L.p","http://www.codex.colmex.mx:8991/.../KTG877XUERXSJE7PGT346M9X3LLS1L.p "
"Lenguas mazatecas","http://cuadernoslinguistica.colmex.mx/index.php/cl/article/view/56/40 ","http://cuadernoslinguistica.colmex.mx/index.php/cl/article/view/56/40 "
"Diccionario del español de México","http://dem.colmex.mx","http://dem.colmex.mx/ "
"Vecindad (unidad habitacional)","http://dem.colmex.mx","http://dem.colmex.mx "
"Ayuda:Cómo traducir un artículo","http://dem.colmex.mx","http://dem.colmex.mx/ "
"Carpa (circo)","http://dem.colmex.mx","http://dem.colmex.mx "
"Luis Fernando Lara","http://dem.colmex.mx","http://dem.colmex.mx "
"Normal (psicología)","http://dem.colmex.mx","http://dem.colmex.mx "
"Español mexicano","http://dem.colmex.mx","http://dem.colmex.mx/ "
"Wikipedia:Convenciones idiomáticas","http://dem.colmex.mx","http://dem.colmex.mx/ "
"Liturgia","http://dem.colmex.mx","http://dem.colmex.mx "
"Lanzamiento de bala","http://dem.colmex.mx","http://dem.colmex.mx/ "
"Pueblo triqui","http://dem.colmex.mx/GridView.aspx?txtPalabra=trique ","http://dem.colmex.mx/GridView.aspx?txtPalabra=trique "
"Discusión:Pueblo triqui","http://dem.colmex.mx/GridView.aspx?txtPalabra=trique ","http://dem.colmex.mx/GridView.aspx?txtPalabra=trique "
"Estado de ánimo","http://dem.colmex.mx/moduls/Buscador.aspx ","http://dem.colmex.mx/moduls/Buscador.aspx "
"Español mexicano","http://dem.colmex.mx/moduls/Default.aspx?id=22 ","http://dem.colmex.mx/moduls/Default.aspx?id=22 "
"Wikipedia:Café/Portal/Archivo/Miscelánea/2013/05","http://dem.colmex.mx/moduls/Default.aspx?id=8 ","http://dem.colmex.mx/moduls/Default.aspx?id=8 "
"Wikipedia:Café/Archivo/2013/Mayo","http://dem.colmex.mx/moduls/Default.aspx?id=8 ","http://dem.colmex.mx/moduls/Default.aspx?id=8 "
"Usuario discusión:Enrique Cordero/Archivo 1","http://dem.colmex.mx/moduls/Default.aspx?id=8 ","http://dem.colmex.mx/moduls/Default.aspx?id=8 "
"Wikipedia:Café/Portal/Archivo/Políticas/2013/12","http://dem.colmex.mx/moduls/Default.aspx?id=8 ","http://dem.colmex.mx/moduls/Default.aspx?id=8 "
"Wikipedia:Café/Archivo/2013/Diciembre","http://dem.colmex.mx/moduls/Default.aspx?id=8 ","http://dem.colmex.mx/moduls/Default.aspx?id=8 "
"Anexo:Gentilicios de México","http://dem.colmex.mx/repository/pdfs/gentilicios.pdf ","http://dem.colmex.mx/repository/pdfs/gentilicios.pdf "
"Chilango","http://dem.colmex.mx/repository/pdfs/gentilicios.pdf ","http://dem.colmex.mx/repository/pdfs/gentilicios.pdf "
"Revolución de Saur","http://estudiosdeasiayafrica.colmex.mx/index.php/eaa/article/view/677/677 ","http://estudiosdeasiayafrica.colmex.mx/index.php/eaa/article/view/677/677 "
"Revolución de Saur","http://estudiosdeasiayafrica.colmex.mx/index.php/eaa/article/view/1006/1006 ","http://estudiosdeasiayafrica.colmex.mx/index.php/eaa/article/view/1006/1006 "
"Nur Muhammad Taraki","http://estudiosdeasiayafrica.colmex.mx/index.php/eaa/article/view/1006/1006 ","http://estudiosdeasiayafrica.colmex.mx/index.php/eaa/article/view/1006/1006 "
"Makura no Soshi","http://estudiosdeasiayafrica.colmex.mx/index.php/eaa/article/view/135/135 ","http://estudiosdeasiayafrica.colmex.mx/index.php/eaa/article/view/135/135 "
"María Eugenia Olavarría Patiño","http://estudiosdegenero.colmex.mx/index.php/eg/article/view/144/pdf_1 ","http://estudiosdegenero.colmex.mx/index.php/eg/article/view/144/pdf_1 "
"Elena Urrutia","http://estudiosdegenero.colmex.mx/pdf/Elena-Urrutia.pdf ","http://estudiosdegenero.colmex.mx/pdf/Elena-Urrutia.pdf "
"Centro de Estudios Demográficos, Urbanos y Ambientales","http://estudiosdemograficosyurbanos.colmex.mx","http://estudiosdemograficosyurbanos.colmex.mx/ "
"Centro de Estudios Demográficos, Urbanos y Ambientales","http://estudiosdemograficosyurbanos.colmex.mx","http://estudiosdemograficosyurbanos.colmex.mx "
"El Colegio de México","http://estudioseconomicos.colmex.mx/ ","http://estudioseconomicos.colmex.mx/ "
"Stefan Gandler","http://estudiossociologicos.colmex.mx/index.php/es/article/view/1457/1472 ","http://estudiossociologicos.colmex.mx/index.php/es/article/view/1457/1472 "
"Elecciones federales de México de 1988","http://estudiossociologicos.colmex.mx/index.php/es/article/view/672 ","http://estudiossociologicos.colmex.mx/index.php/es/article/view/672 "
"Partido Nacional Revolucionario","http://forointernacional.colmex.mx/index.php/fi/article/view/767/757 ","http://forointernacional.colmex.mx/index.php/fi/article/view/767/757 "
"Partido Nacional Revolucionario","http://forointernacional.colmex.mx/index.php/fi/article/view/402 ","http://forointernacional.colmex.mx/index.php/fi/article/view/402 "
"Tratado de Libre Comercio de América del Norte","http://forointernacional.colmex.mx/index.php/fi/article/view/1679/1669 ","http://forointernacional.colmex.mx/index.php/fi/article/view/1679/1669 "
"Programa de Modernización de la Administración Pública","http://forointernacional.colmex.mx/index.php/fi/article/view/1997 ","http://forointernacional.colmex.mx/index.php/fi/article/view/1997 "
"Silvio Zavala","http://historiamexicana.colmex.mx/?BUSCAR=1111&autor=47826&scope= ","http://historiamexicana.colmex.mx/?BUSCAR=1111&autor=47826&scope= "
"Discusión:Silvio Zavala","http://historiamexicana.colmex.mx/?BUSCAR=1111&autor=47826&scope= ","http://historiamexicana.colmex.mx/?BUSCAR=1111&autor=47826&scope= "
"Usuario:Ángel Luis Alfaro/artículos","http://historiamexicana.colmex.mx/?BUSCAR=1111&busqueda=historiograf%EDa&scope=0&campo=3 ","http://historiamexicana.colmex.mx/?BUSCAR=1111&busqueda=historiograf%EDa&scope=0&campo=3 "
"Matías Romero Avendaño","http://historiamexicana.colmex.mx/?BUSCAR=1111&tema=49302&scope= ","http://historiamexicana.colmex.mx/?BUSCAR=1111&tema=49302&scope= "
"Discusión:Matías Romero Avendaño","http://historiamexicana.colmex.mx/?BUSCAR=1111&tema=49302&scope= ","http://historiamexicana.colmex.mx/?BUSCAR=1111&tema=49302&scope= "
"Alonso García Bravo","http://historiamexicana.colmex.mx/index.php/RHM/article/download/703/594 ","http://historiamexicana.colmex.mx/index.php/RHM/article/download/703/594 "
"Berta Ulloa Ortiz","http://historiamexicana.colmex.mx/index.php/RHM/article/download/1457/1305. ","http://historiamexicana.colmex.mx/index.php/RHM/article/download/1457/1305. "
"Juegos Olímpicos de México 1968","http://historiamexicana.colmex.mx/index.php/RHM/article/view/31/24 ","http://historiamexicana.colmex.mx/index.php/RHM/article/view/31/24 "
"Henry Lane Wilson","http://historiamexicana.colmex.mx/index.php/RHM/article/view/691/582 ","http://historiamexicana.colmex.mx/index.php/RHM/article/view/691/582 "
"Anexo:México en 1913","http://historiamexicana.colmex.mx/index.php/RHM/article/view/691/582 ","http://historiamexicana.colmex.mx/index.php/RHM/article/view/691/582 "
"Informe Hale","http://historiamexicana.colmex.mx/index.php/RHM/article/view/691/582 ","http://historiamexicana.colmex.mx/index.php/RHM/article/view/691/582 "
"Martín Tritschler y Córdova","http://historiamexicana.colmex.mx/index.php/RHM/article/viewFile/2356/2845 ","http://historiamexicana.colmex.mx/index.php/RHM/article/viewFile/2356/2845 "
"Martín Tritschler y Córdova","http://historiamexicana.colmex.mx/index.php/RHM/article/viewFile/2356/2845.pdf ","http://historiamexicana.colmex.mx/index.php/RHM/article/viewFile/2356/2845.pdf "
"Usuario:Xavierjimenezr/Taller","http://historiamexicana.colmex.mx/index.php/RHM/article/view/1799/0 ","http://historiamexicana.colmex.mx/index.php/RHM/article/view/1799/0 "
"Bernardo Prado y Obejero","http://historiamexicana.colmex.mx/index.php/RHM/article/view/1799/0 ","http://historiamexicana.colmex.mx/index.php/RHM/article/view/1799/0 "
"Patrick Dalton","http://historiamexicana.colmex.mx/index.php/RHM/article/viewFile/2438/1960 ","http://historiamexicana.colmex.mx/index.php/RHM/article/viewFile/2438/1960 "
"Joaquín María del Castillo y Lanzas","http://historiamexicana.colmex.mx/index.php/RHM/article/view/2968/2475 ","http://historiamexicana.colmex.mx/index.php/RHM/article/view/2968/2475 "
"Congreso Constituyente de México (1917)","http://historiamexicana.colmex.mx/index.php/RHM/article/view/3381/3176 ","http://historiamexicana.colmex.mx/index.php/RHM/article/view/3381/3176 "
"Porfiriato","http://historiamexicana.colmex.mx/index.php/RHM/article/viewFile/2579/2090 ","http://historiamexicana.colmex.mx/index.php/RHM/article/viewFile/2579/2090 "
"Josefa Peña Azcárate","http://historiamexicana.colmex.mx/index.php/RHM/article/viewFile/932/823 ","http://historiamexicana.colmex.mx/index.php/RHM/article/viewFile/932/823 "
"Bernardo de Albuquerque","http://historiamexicana.colmex.mx/index.php/RHM/article/view/1310/2794 ","http://historiamexicana.colmex.mx/index.php/RHM/article/view/1310/2794 "
"Ciudad de México","http://historiamexicana.colmex.mx/index.php/RHM/article/view/1946 ","http://historiamexicana.colmex.mx/index.php/RHM/article/view/1946 "
"Pueblo mixe","http://historiamexicana.colmex.mx/index.php/RHM/article/viewFile/1611/1429 ","http://historiamexicana.colmex.mx/index.php/RHM/article/viewFile/1611/1429 "
"Juan de la Luz Enríquez Lara","http://historiamexicana.colmex.mx/index.php/RHM/article/view/2270/2932 ","http://historiamexicana.colmex.mx/index.php/RHM/article/view/2270/2932 "
"Controversia Caso - Lombardo Toledano","http://historiamexicana.colmex.mx/index.php/RHM/article/view/1227/1118 ","http://historiamexicana.colmex.mx/index.php/RHM/article/view/1227/1118 "
"Adeline Rucquoi","http://historiamexicana.colmex.mx/index.php/RHM/article/view/1372 ","http://historiamexicana.colmex.mx/index.php/RHM/article/view/1372 "
"Academia Mexicana de la Historia","http://historiamexicana.colmex.mx/index.php/RHM/article/view/1334/1196 ","http://historiamexicana.colmex.mx/index.php/RHM/article/view/1334/1196 "
"Liga de Mayapán","http://historiamexicana.colmex.mx/index.php/RHM/article/view/584/475 ","http://historiamexicana.colmex.mx/index.php/RHM/article/view/584/475 "
"La invención de América","http://historiamexicana.colmex.mx/pdf/13/art_13_1866_16693.pdf ","http://historiamexicana.colmex.mx/pdf/13/art_13_1866_16693.pdf "
"Mariano Riva Palacio","http://historiamexicana.colmex.mx/pdf/13/art_13_1868_15992.pdf ","http://historiamexicana.colmex.mx/pdf/13/art_13_1868_15992.pdf "
"Discusión:Inmigración en México","http://historiamexicana.colmex.mx/pdf/13/art_13_1938_16335.pdf ","http://historiamexicana.colmex.mx/pdf/13/art_13_1938_16335.pdf "
"Inmigración en México","http://historiamexicana.colmex.mx/pdf/13/art_13_1938_16335.pdf ","http://historiamexicana.colmex.mx/pdf/13/art_13_1938_16335.pdf "
"Demografía de México","http://historiamexicana.colmex.mx/pdf/13/art_13_1938_16335.pdf ","http://historiamexicana.colmex.mx/pdf/13/art_13_1938_16335.pdf "
"Discusión:Demografía de México","http://historiamexicana.colmex.mx/pdf/13/art_13_1938_16335.pdf ","http://historiamexicana.colmex.mx/pdf/13/art_13_1938_16335.pdf "
"Elías Trabulse","http://historiamexicana.colmex.mx/pdf/13/art_13_1938_16339.pdf ","http://historiamexicana.colmex.mx/pdf/13/art_13_1938_16339.pdf "
"Discusión:Elías Trabulse","http://historiamexicana.colmex.mx/pdf/13/art_13_1938_16339.pdf ","http://historiamexicana.colmex.mx/pdf/13/art_13_1938_16339.pdf "
"José María Quirós","http://historiamexicana.colmex.mx/pdf/13/art_13_2002_16637.pdf ","http://historiamexicana.colmex.mx/pdf/13/art_13_2002_16637.pdf "
"Discusión:Academia Mexicana de la Historia","http://historiamexicana.colmex.mx/pdf/13/art_13_2072_18021.pdf ","http://historiamexicana.colmex.mx/pdf/13/art_13_2072_18021.pdf "
"Historia de Veracruz de Ignacio de la Llave","http://historiamexicana.colmex.mx/pdf/13/art_13_2077_18078.pdf ","http://historiamexicana.colmex.mx/pdf/13/art_13_2077_18078.pdf "
"Discusión:Historia de Veracruz de Ignacio de la Llave","http://historiamexicana.colmex.mx/pdf/13/art_13_2077_18078.pdf ","http://historiamexicana.colmex.mx/pdf/13/art_13_2077_18078.pdf "
"Wikipedia:Tablón de anuncios de los bibliotecarios/Portal/Archivo/3RR/2011/01","http://historiamexicana.colmex.mx/pdf/13/art_13_2106_18372.pdf ","http://historiamexicana.colmex.mx/pdf/13/art_13_2106_18372.pdf "
"Wikipedia:Consultas de borrado/Ejército Real de la Nueva España (Revolución hispanoamericana)","http://historiamexicana.colmex.mx/pdf/13/art_13_2106_18372.pdf ","http://historiamexicana.colmex.mx/pdf/13/art_13_2106_18372.pdf "
"Ejército Realista en Nueva España","http://historiamexicana.colmex.mx/pdf/13/art_13_2106_18372.pdf ","http://historiamexicana.colmex.mx/pdf/13/art_13_2106_18372.pdf "
"Discusión:Ejército Realista en Nueva España","http://historiamexicana.colmex.mx/pdf/13/art_13_2106_18372.pdf ","http://historiamexicana.colmex.mx/pdf/13/art_13_2106_18372.pdf "
"Wikipedia:Tablón de anuncios de los bibliotecarios/Portal/Archivo/3RR/2011/01","http://historiamexicana.colmex.mx/pdf/13/art_13_2106_18372.pdfsu ","http://historiamexicana.colmex.mx/pdf/13/art_13_2106_18372.pdfsu "
"Usuario:Domenico/Taller","http://historiamexicana.colmex.mx/pdf/13/art_13_2106_18372.pdf ","http://historiamexicana.colmex.mx/pdf/13/art_13_2106_18372.pdf "
"Usuario:Durero/Noviembre - Diciembre 2010","http://historiamexicana.colmex.mx/pdf/13/art_13_2106_18372.pdf ","http://historiamexicana.colmex.mx/pdf/13/art_13_2106_18372.pdf "
"Porfirio Díaz","http://historiamexicana.colmex.mx/resultados_busqueda.jsp?autor=47850 ","http://historiamexicana.colmex.mx/resultados_busqueda.jsp?autor=47850 "
"Discusión:Porfirio Díaz","http://historiamexicana.colmex.mx/resultados_busqueda.jsp?autor=47850 ","http://historiamexicana.colmex.mx/resultados_busqueda.jsp?autor=47850 "
"Usuario:Ángel Luis Alfaro/artículos","http://historiamexicana.colmex.mx/resultados_busqueda.jsp?titulo=48359 ","http://historiamexicana.colmex.mx/resultados_busqueda.jsp?titulo=48359 "
"Discusión:Intervención estadounidense en México/Toda la discusión previa al 2 semestre de 2009","http://historiamexicana.colmex.mx/resultados_busqueda.jsp?tema=47589 ","http://historiamexicana.colmex.mx/resultados_busqueda.jsp?tema=47589 "
"Martha Delgado Peralta","http://www.lead.colmex.mx/ ","http://www.lead.colmex.mx/ "
"Dialectos del idioma español en México","http://lef.colmex.mx/ ","http://lef.colmex.mx/ "
"Alfabeto fonético de la RFE","http://lef.colmex.mx/Sociolinguistica/Cambio%20y%20variacion/B%204%20-%20ALFABETO%20FONETICO.pdf ","http://lef.colmex.mx/Sociolinguistica/Cambio%20y%20variacion/B%204%20-%20ALFABETO%20FONETICO.pdf "
"Lenguas de México","http://lef.colmex.mx/Sociolinguistica/Cambio%20y%20variacion/La%20division%20dialectal%20del%20espanol%20mexicano.pdf ","http://lef.colmex.mx/Sociolinguistica/Cambio%20y%20variacion/La%20division%20dialectal%20del%20espanol%20mexicano.pdf "
"Pedro Martín Butragueño","http://lef.colmex.mx/Sociolinguistica/Cambio%20y%20variacion/publicaciones.htm ","http://lef.colmex.mx/Sociolinguistica/Cambio%20y%20variacion/publicaciones.htm "
"Atlas lingüístico de México","http://lef.colmex.mx/index.php/investigaciones/atlas-lingueistico-de-mexico ","http://lef.colmex.mx/index.php/investigaciones/atlas-lingueistico-de-mexico "
"Pedro Martín Butragueño","http://lef.colmex.mx/index.php/investigaciones/cambio-variacion ","http://lef.colmex.mx/index.php/investigaciones/cambio-variacion "
"Pedro Martín Butragueño","http://lef.colmex.mx/index.php/investigaciones/cambio-variacion/trabajos-generales ","http://lef.colmex.mx/index.php/investigaciones/cambio-variacion/trabajos-generales "
"Pedro Martín Butragueño","http://lef.colmex.mx/index.php/investigaciones/publicaciones/ ","http://lef.colmex.mx/index.php/investigaciones/publicaciones/ "
"Raúl Ávila","http://libros.colmex.mx/index.php/component/zoo/item/te-la-sabes ","http://libros.colmex.mx/index.php/component/zoo/item/te-la-sabes "
"Wikipedia:Consultas de borrado/Anexo:Cronología de la minorización del idioma catalán en España y Francia","http://libros.colmex.mx/index.php/historias-minimas/item/historia-minima-de-la-lengua-espanola ","http://libros.colmex.mx/index.php/historias-minimas/item/historia-minima-de-la-lengua-espanola "
"Usuario discusión:Correogsk","http://libros.colmex.mx/index.php/historias-minimas/item/historia-minima-de-la-lengua-espanola ","http://libros.colmex.mx/index.php/historias-minimas/item/historia-minima-de-la-lengua-espanola "
"Matilde González-Izás","http://libros.colmex.mx/index.php/historias-minimas/item/modernizacion-capitalista-racismo-y-violencia-guatemala-1750-1930 ","http://libros.colmex.mx/index.php/historias-minimas/item/modernizacion-capitalista-racismo-y-violencia-guatemala-1750-1930 "
"Críticas al marxismo","http://libros.colmex.mx/index.php/novedades-editoriales/item/max-weber-y-la-guerra-academica-de-los-cien-anos ","http://libros.colmex.mx/index.php/novedades-editoriales/item/max-weber-y-la-guerra-academica-de-los-cien-anos "
"El Colegio de México","http://lingmex.colmex.mx/ ","http://lingmex.colmex.mx/ "
"Leopoldo Valiñas Coalla","http://lingmex.colmex.mx/ ","http://lingmex.colmex.mx/ "
"Claudia Parodi","http://lingmex.colmex.mx/ ","http://lingmex.colmex.mx/ "
"Leopoldo Valiñas Coalla","http://lingmex.colmex.mx/busquedas/index.aspx?p=1&c=1756&b=%20:::Autor:::%20Vali%C3%B1as%20Coalla,%20Leopoldo ","http://lingmex.colmex.mx/busquedas/index.aspx?p=1&c=1756&b=%20:::Autor:::%20Vali%C3%B1as%20Coalla,%20Leopoldo "
"Discusión:Leopoldo Valiñas Coalla","http://lingmex.colmex.mx/busquedas/index.aspx?p=1&c=1756&b=%20:::Autor:::%20Vali%C3%B1as%20Coalla,%20Leopoldo ","http://lingmex.colmex.mx/busquedas/index.aspx?p=1&c=1756&b=%20:::Autor:::%20Vali%C3%B1as%20Coalla,%20Leopoldo "
"Etnociencia","http://lingmex.colmex.mx/index.php/indices/tesis ","http://lingmex.colmex.mx/index.php/indices/tesis "
"Joaquín María del Castillo y Lanzas","http://memoriasdehacienda.colmex.mx/index.php/121 ","http://memoriasdehacienda.colmex.mx/index.php/121 "
"Discusión:Joaquín María del Castillo y Lanzas","http://memoriasdehacienda.colmex.mx/index.php/121 ","http://memoriasdehacienda.colmex.mx/index.php/121 "
"Francisco Landero y Cos","http://memoriasdehacienda.colmex.mx/index.php/164 ","http://memoriasdehacienda.colmex.mx/index.php/164 "
"Rafael Mangino y Mendívil","http://memoriasdehacienda.colmex.mx/index.php/178 ","http://memoriasdehacienda.colmex.mx/index.php/178 "
"Rafael Pérez Maldonado","http://memoriasdehacienda.colmex.mx/index.php/198 ","http://memoriasdehacienda.colmex.mx/index.php/198 "
"Manuel Piña y Cuevas","http://memoriasdehacienda.colmex.mx/index.php/200 ","http://memoriasdehacienda.colmex.mx/index.php/200 "
"Francisco María Lombardo","http://memoriasdehacienda.colmex.mx/index.php/45 ","http://memoriasdehacienda.colmex.mx/index.php/45 "
"Anexo:Gabinete de Anastasio Bustamante","http://memoriasdehacienda.colmex.mx/mhwp/?page_id=7735 ","http://memoriasdehacienda.colmex.mx/mhwp/?page_id=7735 "
"Anexo:Gabinete de Anastasio Bustamante","http://memoriasdehacienda.colmex.mx/mhwp/?page_id=7737 ","http://memoriasdehacienda.colmex.mx/mhwp/?page_id=7737 "
"Usuario:SPQRes/Lista de diccionarios","http://mezcal.colmex.mx/Scripts/Dem/principal.htm ","http://mezcal.colmex.mx/Scripts/Dem/principal.htm "
"Discusión:Español mexicano","http://mezcal.colmex.mx/Scripts/Dem/principal.htm ","http://mezcal.colmex.mx/Scripts/Dem/principal.htm "
"Usuario:Botx/Lista de enlaces externos rotos 3 pag","http://mezcal.colmex.mx/dem/ ","http://mezcal.colmex.mx/dem/ "
"Usuario:Botx/Lista de enlaces externos rotos 8 pag","http://mezcal.colmex.mx/historiadores/ponencias/121.pdf ","http://mezcal.colmex.mx/historiadores/ponencias/121.pdf "
"Zuo Zhuan","http://mezcal.colmex.mx/zuozhuan_2003/Scripts/cuenta.idc ","http://mezcal.colmex.mx/zuozhuan_2003/Scripts/cuenta.idc "
"Discusión:Zuo Zhuan","http://mezcal.colmex.mx/zuozhuan_2003/Scripts/cuenta.idc ","http://mezcal.colmex.mx/zuozhuan_2003/Scripts/cuenta.idc "
"Liga Comunista 23 de Septiembre","http://movimientosarmados.colmex.mx/ ","http://movimientosarmados.colmex.mx/ "
"Liga Comunista 23 de Septiembre","http://movimientosarmados.colmex.mx/items/show/924 ","http://movimientosarmados.colmex.mx/items/show/924 "
"La Lectura","http://nrfh.colmex.mx/index.php/nrfh/article/view/2617 ","http://nrfh.colmex.mx/index.php/nrfh/article/view/2617 "
"Kenichi Ohmae","http://oia.colmex.mx/index.php?option=com_k2&view=item&id=25:universidad-de-hitotsubashi ","http://oia.colmex.mx/index.php?option=com_k2&view=item&id=25:universidad-de-hitotsubashi "
"Discusión:Kenichi Ohmae","http://oia.colmex.mx/index.php?option=com_k2&view=item&id=25:universidad-de-hitotsubashi ","http://oia.colmex.mx/index.php?option=com_k2&view=item&id=25:universidad-de-hitotsubashi "
"Expropiación del petróleo en México","http://petroleo.colmex.mx/images/stories/archivos/misc/cronica_petroleo_mexico.pdf ","http://petroleo.colmex.mx/images/stories/archivos/misc/cronica_petroleo_mexico.pdf "
"Antonio del Castillo Patiño","http://petroleo.colmex.mx/index.php/component/content/article/54 ","http://petroleo.colmex.mx/index.php/component/content/article/54 "
"Estudios de género","http://piem.colmex.mx","http://piem.colmex.mx "
"Wikipedia:Encuentros/Editatón: Haciendo y deshaciendo el género","http://piem.colmex.mx","http://piem.colmex.mx/ "
"Revolución mexicana","http://precesam.colmex.mx/images/secundaria/seminarios/Taller_ENHRUM/11proyColmex.pdf ","http://precesam.colmex.mx/images/secundaria/seminarios/Taller_ENHRUM/11proyColmex.pdf "
"Discusión:Revolución mexicana","http://precesam.colmex.mx/images/secundaria/seminarios/Taller_ENHRUM/11proyColmex.pdf ","http://precesam.colmex.mx/images/secundaria/seminarios/Taller_ENHRUM/11proyColmex.pdf "
"Pilar Gonzalbo Aizpuru","http://pred.colmex.mx ","http://pred.colmex.mx "
"Raúl Zambrano","http://proyectos.colmex.mx/publicaciones/poster/trip_2013b.pdf ","http://proyectos.colmex.mx/publicaciones/poster/trip_2013b.pdf "
"Discusión:Raúl Zambrano","http://proyectos.colmex.mx/publicaciones/poster/trip_2013b.pdf ","http://proyectos.colmex.mx/publicaciones/poster/trip_2013b.pdf "
"Antonio de Mier y Celis","http://revdig.colmex.mx/colmexHM/sistema/archivos/procesados/04-016-1955-0506.pdf ","http://revdig.colmex.mx/colmexHM/sistema/archivos/procesados/04-016-1955-0506.pdf "
"Discusión:Antonio de Mier y Celis","http://revdig.colmex.mx/colmexHM/sistema/archivos/procesados/04-016-1955-0506.pdf ","http://revdig.colmex.mx/colmexHM/sistema/archivos/procesados/04-016-1955-0506.pdf "
"El Colegio de México","http://revistas.colmex.mx/ ","http://revistas.colmex.mx/ "
"Sebastián de Vivanco","http://revistas.colmex.mx/revistas/13/art_13_1107_8313.pdf ","http://revistas.colmex.mx/revistas/13/art_13_1107_8313.pdf "
"Maximino Martínez","http://revistas.colmex.mx/revistas/13/art_13_1205_9185.pdf ","http://revistas.colmex.mx/revistas/13/art_13_1205_9185.pdf "
"Discusión:Maximino Martínez","http://revistas.colmex.mx/revistas/13/art_13_1205_9185.pdf ","http://revistas.colmex.mx/revistas/13/art_13_1205_9185.pdf "
"Discusión:Fascismo","http://revistas.colmex.mx/revistas/7/art_7_905_6194.pdf ","http://revistas.colmex.mx/revistas/7/art_7_905_6194.pdf "
"Discusión:San Pedro de los Pinos","http://revistas.colmex.mx/revistas/8/art_8_735_4593.pdf ","http://revistas.colmex.mx/revistas/8/art_8_735_4593.pdf "
"Guido Gómez de Silva","http://revistas.colmex.mx/revistas/9/art_9_706_3996.pdf ","http://revistas.colmex.mx/revistas/9/art_9_706_3996.pdf "
"Usuario discusión:Gustronico/Archivo 2009","http://revistas.colmex.mx/revistas/9/art_9_707_4015.pdf ","http://revistas.colmex.mx/revistas/9/art_9_707_4015.pdf "
"Discusión:Aurora Cáceres Moreno","http://revistas.colmex.mx/revistas/9/art_9_707_4024.pdf ","http://revistas.colmex.mx/revistas/9/art_9_707_4024.pdf "
"Alto Perú","http://shial.colmex.mx/textos/EstherAyllon.pdf ","http://shial.colmex.mx/textos/EstherAyllon.pdf "
"Manuel Calero y Sierra","http://shial.colmex.mx/textos/Juan_Signoret.pdf ","http://shial.colmex.mx/textos/Juan_Signoret.pdf "
"Carlos Pereyra","http://shial.colmex.mx/textos/pereyra.pdf ","http://shial.colmex.mx/textos/pereyra.pdf "
"Idioma suajili","http://swahili.colmex.mx/ ","http://swahili.colmex.mx/ "
"Alcabalas en Nueva España","http://tesis.colmex.mx/detalles/?doc_number=000333434&busqueda=Valle%20Pav%C3%B3n,%20Guillermina%20del ","http://tesis.colmex.mx/detalles/?doc_number=000333434&busqueda=Valle%20Pav%C3%B3n,%20Guillermina%20del "
"Alcabalas en Nueva España","http://tesis.colmex.mx/detalles/?doc_number=000333434&busqueda=Valle%2520Pav%25C3%25B3n,%2520Guillermina%2520del ","http://tesis.colmex.mx/detalles/?doc_number=000333434&busqueda=Valle%2520Pav%25C3%25B3n,%2520Guillermina%2520del "
"El Colegio de la Frontera Norte","http://www.colmex.mx","http://www.colmex.mx/ "
"Fernando Escalante Gonzalbo","http://www.colmex.mx","http://www.colmex.mx "
"El Colegio de México","http://www.colmex.mx","http://www.colmex.mx/ "
"Sergio Aguayo Quezada","http://www.colmex.mx","http://www.colmex.mx/ "
"Wikipedia:Encuentros/Editatón Louis Pouzin, tercer inventor de internet","http://www.colmex.mx","http://www.colmex.mx/ "
"El Colegio de México","http://www.colmex.mx","http://www.colmex.mx "
"Javier Garciadiego","http://www.colmex.mx/PDFs/GARCIADIEGO.pdf ","http://www.colmex.mx/PDFs/GARCIADIEGO.pdf "
"Elegías de Duino","http://www.colmex.mx/PDFs/boletines/boletin102.pdf ","http://www.colmex.mx/PDFs/boletines/boletin102.pdf "
"Carlos Marichal Salinas","http://www.colmex.mx/academicos/ceh/carlosmarichal/ ","http://www.colmex.mx/academicos/ceh/carlosmarichal/ "
"Discusión:Carlos Marichal Salinas","http://www.colmex.mx/academicos/ceh/carlosmarichal/ ","http://www.colmex.mx/academicos/ceh/carlosmarichal/ "
"Ignacio Alas","http://www.colmex.mx/academicos/ceh/carlosmarichal/hacienda/index.php/110 ","http://www.colmex.mx/academicos/ceh/carlosmarichal/hacienda/index.php/110 "
"Francisco Mejía Escalada","http://www.colmex.mx/academicos/ceh/carlosmarichal/hacienda/index/184%7CBiograf%C3%ADa, ","http://www.colmex.mx/academicos/ceh/carlosmarichal/hacienda/index/184%7CBiograf%C3%ADa, "
"Discusión:Francisco Mejía Escalada","http://www.colmex.mx/academicos/ceh/carlosmarichal/hacienda/index/184 ","http://www.colmex.mx/academicos/ceh/carlosmarichal/hacienda/index/184 "
"Discusión:Ignacio Alas","http://www.colmex.mx/academicos/ceh/carlosmarichal/hacienda/index.php/110 ","http://www.colmex.mx/academicos/ceh/carlosmarichal/hacienda/index.php/110 "
"Historia económica de México","http://www.colmex.mx/academicos/ceh/kuntz/images/colaboraciones/ortiz.pdf ","http://www.colmex.mx/academicos/ceh/kuntz/images/colaboraciones/ortiz.pdf "
"Raúl Ávila","http://www.colmex.mx/academicos/cell/ravila/ ","http://www.colmex.mx/academicos/cell/ravila/ "
"Wikipedia:Café/Archivo/2010/Agosto","http://www.colmex.mx/academicos/cell/ravila/index.htm ","http://www.colmex.mx/academicos/cell/ravila/index.htm "
"Wikipedia:Café/Portal/Archivo/Políticas/2010/08","http://www.colmex.mx/academicos/cell/ravila/index.htm ","http://www.colmex.mx/academicos/cell/ravila/index.htm "
"Lenguas de México","http://www.colmex.mx/alim/ ","http://www.colmex.mx/alim/ "
"Discusión:Lenguas amerindias","http://www.colmex.mx/alim/ ","http://www.colmex.mx/alim/ "
"El Colegio de México","http://www.colmex.mx/archivo-historico/ ","http://www.colmex.mx/archivo-historico/ "
"Elvira Gascón","http://www.colmex.mx/archivo-historico/index.php/cuadros/129 ","http://www.colmex.mx/archivo-historico/index.php/cuadros/129 "
"Efraín Buenrostro Ochoa","http://www.colmex.mx/ceh/petroleo/e107_files/misc/organizacion/organizacion_1.swf ","http://www.colmex.mx/ceh/petroleo/e107_files/misc/organizacion/organizacion_1.swf "
"Discusión:Efraín Buenrostro Ochoa","http://www.colmex.mx/ceh/petroleo/e107_files/misc/organizacion/organizacion_1.swf ","http://www.colmex.mx/ceh/petroleo/e107_files/misc/organizacion/organizacion_1.swf "
"El Colegio de México","http://www.colmex.mx/centros/ceh/revistahistoria/ ","http://www.colmex.mx/centros/ceh/revistahistoria/ "
"Historia de la vida cotidiana","http://www.colmex.mx/centros/ceh/sem-vida-cotidiana.htm ","http://www.colmex.mx/centros/ceh/sem-vida-cotidiana.htm "
"Usuario:Botx/Lista de enlaces externos rotos 5 pag","http://www.colmex.mx/centros/cei/Paginas ","http://www.colmex.mx/centros/cei/Paginas "
"Lorenzo Meyer","http://www.colmex.mx/centros/cei/Paginas%20profesores/meyer.htm ","http://www.colmex.mx/centros/cei/Paginas%20profesores/meyer.htm "
"Discusión:Lorenzo Meyer","http://www.colmex.mx/centros/cei/Paginas%20profesores/meyer.htm ","http://www.colmex.mx/centros/cei/Paginas%20profesores/meyer.htm "
"Discusión:Historiografía/Candidatura a destacado","http://www.colmex.mx/docencia/detalle_grados.jsp?id_grado=16&id_detalle_grado=92&desc_detalle_grado=Cuerpo%20docente ","http://www.colmex.mx/docencia/detalle_grados.jsp?id_grado=16&id_detalle_grado=92&desc_detalle_grado=Cuerpo%20docente "
"Wikipedia:Artículos solicitados/Solicitudes/Biografías","http://www.colmex.mx/images/candidatos2015/alvarado-mendoza-arturo/c-v.pdf ","http://www.colmex.mx/images/candidatos2015/alvarado-mendoza-arturo/c-v.pdf "
"Wikipedia:Artículos solicitados/Solicitudes/Sociedad","http://www.colmex.mx/images/candidatos2015/alvarado-mendoza-arturo/c-v.pdf ","http://www.colmex.mx/images/candidatos2015/alvarado-mendoza-arturo/c-v.pdf "
"Wikipedia:Artículos solicitados","http://www.colmex.mx/images/candidatos2015/alvarado-mendoza-arturo/c-v.pdf ","http://www.colmex.mx/images/candidatos2015/alvarado-mendoza-arturo/c-v.pdf "
"Wikipedia:Artículos solicitados/Solicitudes/Respaldo","http://www.colmex.mx/images/candidatos2015/alvarado-mendoza-arturo/c-v.pdf ","http://www.colmex.mx/images/candidatos2015/alvarado-mendoza-arturo/c-v.pdf "
"El Colegio de México","http://www.colmex.mx/index.php?option=com_content&view=article&id=57&Itemid=89 ","http://www.colmex.mx/index.php?option=com_content&view=article&id=57&Itemid=89 "
"Historia de la ciencia y la tecnología en México","http://www.colmex.mx/index.php?option=com_content&view=article&id=44&Itemid=86 ","http://www.colmex.mx/index.php?option=com_content&view=article&id=44&Itemid=86 "
"Andrés Lira González","http://www.colmex.mx/index.php?option=com_content&view=article&id=57&Itemid=89 ","http://www.colmex.mx/index.php?option=com_content&view=article&id=57&Itemid=89 "
"El Colegio de México","http://www.colmex.mx/index.php?option=com_content&view=article&id=44&Itemid=86 ","http://www.colmex.mx/index.php?option=com_content&view=article&id=44&Itemid=86 "
"Discusión:Andrés Lira González","http://www.colmex.mx/index.php?option=com_content&view=article&id=57&Itemid=89 ","http://www.colmex.mx/index.php?option=com_content&view=article&id=57&Itemid=89 "
"Discusión:El Colegio de México","http://www.colmex.mx/index.php?option=com_content&view=article&id=44&Itemid=86 ","http://www.colmex.mx/index.php?option=com_content&view=article&id=44&Itemid=86 "
"Discusión:El Colegio de México","http://www.colmex.mx/index.php?option=com_content&view=article&id=57&Itemid=89 ","http://www.colmex.mx/index.php?option=com_content&view=article&id=57&Itemid=89 "
"Discusión:Historia de la ciencia y la tecnología en México","http://www.colmex.mx/index.php?option=com_content&view=article&id=44&Itemid=86 ","http://www.colmex.mx/index.php?option=com_content&view=article&id=44&Itemid=86 "
"El Colegio de México","http://www.colmex.mx/index.php?searchword=Javier+Garciadiego&ordering=&searchphrase=all&Itemid=1&option=com_search ","http://www.colmex.mx/index.php?searchword=Javier+Garciadiego&ordering=&searchphrase=all&Itemid=1&option=com_search "
"Jean Bourgeois-Pichat","http://www.colmex.mx/info_gen/catedras/Bourgeois-Pichat/Bourgeois-Pichat.htm ","http://www.colmex.mx/info_gen/catedras/Bourgeois-Pichat/Bourgeois-Pichat.htm "
"El Colegio de México","http://www.colmex.mx/info_gen/catedras/humboldt/index.htm ","http://www.colmex.mx/info_gen/catedras/humboldt/index.htm "
"Soledad Loaeza","http://www.colmex.mx/info_gen/premios2003.htm ","http://www.colmex.mx/info_gen/premios2003.htm "
"El Colegio de México","http://www.colmex.mx/informacion_general/profesores_emeritos?locale=sp ","http://www.colmex.mx/informacion_general/profesores_emeritos?locale=sp "
"Pandemia de gripe A (H1N1) de 2009-2010 en México","http://www.colmex.mx/noticias/influenza-colmex.htm ","http://www.colmex.mx/noticias/influenza-colmex.htm "
"Festival de Avándaro","http://www.colmex.mx/pdf/historiaminima.pdf ","http://www.colmex.mx/pdf/historiaminima.pdf "
"Benito Juárez","http://www.colmex.mx/pdf/historiaminima.pdf ","http://www.colmex.mx/pdf/historiaminima.pdf "
"Discusión:Festival de Avándaro","http://www.colmex.mx/pdf/historiaminima.pdf ","http://www.colmex.mx/pdf/historiaminima.pdf "
"Discusión:Benito Juárez","http://www.colmex.mx/pdf/historiaminima.pdf ","http://www.colmex.mx/pdf/historiaminima.pdf "
